id_review,caption,timestamp,rating,username,n_review_user,n_photo_user,url_user
ChdDSUhNMG9nS0VJQ0FnSUNjalpfX3V3RRABGhYzMWFSeEx4YkMyTkRyYlBCbUNkNkVR,,hace un día,2020-03-21 17:56:39.279084,4.0,Daniel Bravo,2,0,https://www.google.com/maps/contrib/109136877329608927531?hl=es-ES
ChZDSUhNMG9nS0VJQ0FnSUNjalluckhnEAEaFjA4Mlp5b0lSUzVoR3pJalF5U2tMREE,"Arquitectura militar de gran astucia, el lugar es fantástico.",hace 2 días,2020-03-21 17:56:39.280082,4.0,Francisco Sánchez González Sánchez,3761,0,https://www.google.com/maps/contrib/111954890370354918146?hl=es-ES
ChdDSUhNMG9nS0VJQ0FnSUNjdFlXV21BRRABGhZNNGZGWGFJb3F4NlMyVFphYllSYW13,,hace 2 días,2020-03-21 17:56:39.281082,5.0,Cristina Hoyos,0,0,https://www.google.com/maps/contrib/106629727934290944273?hl=es-ES
ChZDSUhNMG9nS0VJQ0FnSUNjNWJUZ1BREAEaFl90MndBOWxSUTdpbkNBX2p4cC1tYmc,Muy bonito paraje.,hace 4 días,2020-03-21 17:56:39.282079,5.0,Juan Jimenez,14,0,https://www.google.com/maps/contrib/115565785753594187910?hl=es-ES
ChZDSUhNMG9nS0VJQ0FnSUNjcGJEMlB3EAEaFkR3Nldyblk2WHdsanRhMU43ejNaUVE,"Es bonita pero para verla una vez, no me pareció un motivo de peso para ir a ver Badajoz.",hace 4 días,2020-03-21 17:56:39.283077,3.0,Mario Rodriguez,0,0,https://www.google.com/maps/contrib/107970555812009055232?hl=es-ES
ChZDSUhNMG9nS0VJQ0FnSUNjaGNmNk9REAEaFmlZckZXU3ZHODl4T3lFM1JBYmdyVWc,,hace 4 días,2020-03-21 17:56:39.283077,5.0,Juan Herruzo,0,0,https://www.google.com/maps/contrib/101823673940086530676?hl=es-ES
ChZDSUhNMG9nS0VJQ0FnSUNjaFpPSVpBEAEaFjMwUWtyUjRnZ1F4UjlmV2VpSEhyMmc,(Traducido por Google) Actualmente se está restaurando un sitio del siglo primero. Muy interesante  (Original) Um local do século I sendo restaurado no momento. Muito interessante,hace 4 días,2020-03-21 17:56:39.284074,4.0,Cristina Brito,0,0,https://www.google.com/maps/contrib/104131716436704144001?hl=es-ES
ChZDSUhNMG9nS0VJQ0FnSUNjMmJMT2RnEAEaFmhQUzZEVnMwTEYtbVlkeDQycUE0UlE,"(Traducido por Google) España es una atracción turística y un sitio histórico. Este lugar parece ser una ciudad que debes visitar al menos una vez ...  (Original) 스페인 곳곳이 관광명소고,역사적 유적지이지만 이곳도 한번쯤은 들러야하는 도시같네요..",hace 5 días,2020-03-21 17:56:39.285071,5.0,김민경,12,0,https://www.google.com/maps/contrib/114877007538930670490?hl=es-ES
ChdDSUhNMG9nS0VJQ0FnSUNjeVl2VV9BRRABGhZtNnNXbDNWMzNtYlBZRGFuNHhpMW9B,,hace 6 días,2020-03-21 17:56:39.286068,4.0,A J,0,0,https://www.google.com/maps/contrib/109801873558271677735?hl=es-ES
ChZDSUhNMG9nS0VJQ0FnSUNjaWRIMUNnEAEaFndBZzFIb01IXzFrdVRXNGVYWWFVMWc,Muy bonito,Hace una semana,2020-03-21 17:56:39.287065,5.0,Pedro Ribeiro,0,0,https://www.google.com/maps/contrib/109724942747988552106?hl=es-ES
ChZDSUhNMG9nS0VJQ0FnSUNjNGJhSkhREAEaFlp3bHByVmJobF84UEx6TG1sOHpuZFE,,Hace una semana,2020-03-21 17:56:39.289032,5.0,Enrique Suarez,0,0,https://www.google.com/maps/contrib/114965200182304104425?hl=es-ES
ChZDSUhNMG9nS0VJQ0FnSUNjb3JXVGJBEAEaFnEzeVR3aGMzTlBUUi10amY3RXNKcGc,Lugar emblemático en la historia de Badajoz. Muy bien conservado.,Hace una semana,2020-03-21 17:56:39.290030,4.0,Pier Santos,0,0,https://www.google.com/maps/contrib/109724116729704626145?hl=es-ES
ChZDSUhNMG9nS0VJQ0FnSUNjeExTYlBnEAEaFlhSSy1odmRBVE9nclNaUjQ5c3N0d3c,,Hace una semana,2020-03-21 17:56:39.291027,5.0,Víctor García Escudero,0,0,https://www.google.com/maps/contrib/105429891341753664875?hl=es-ES
ChZDSUhNMG9nS0VJQ0FnSUNjdUlfM053EAEaFnpGRlhDc29vd2xhR3BnWUdIZDdsT0E,"Muy bonito, genial para dar un paseo las vistas de ciudad preciosas.",Hace una semana,2020-03-21 17:56:39.292024,4.0,DonMontecristo4,0,0,https://www.google.com/maps/contrib/112533755532305723350?hl=es-ES
ChZDSUhNMG9nS0VJQ0FnSUNjaVBDTVJnEAEaFnJFdDVyZUE4bDdtb3ZoUWkxR2RkNFE,,Hace una semana,2020-03-21 17:56:39.292024,3.0,Diego Delgado Ayuso,1,0,https://www.google.com/maps/contrib/116471685447956677430?hl=es-ES
ChdDSUhNMG9nS0VJQ0FnSUNjOEpidGtRRRABGhZ6THFNd2ljNkpIQnZXbWY0VmpyYzN3,,Hace una semana,2020-03-21 17:56:39.293022,5.0,Rocio Rodríguez,2,0,https://www.google.com/maps/contrib/102465991526770502629?hl=es-ES
ChZDSUhNMG9nS0VJQ0FnSUNjOEtEcEpnEAEaFktHclpXYU5sLXlpNTFEQ1NXVHlHblE,"(Traducido por Google) Genial, vale la pena caminar por los muros del antiguo castillo  (Original) Super, warto przejść sie po murach starego zamku",Hace una semana,2020-03-21 17:56:39.294019,5.0,Mateusz Węgliński,0,0,https://www.google.com/maps/contrib/109843985219457730818?hl=es-ES
ChZDSUhNMG9nS0VJQ0FnSUNjc003TlFREAEaFjBlSWlmRmxEd29YbEVjbjUxbVFoelE,,Hace una semana,2020-03-21 17:56:39.295016,5.0,Ilhan Blanco,0,0,https://www.google.com/maps/contrib/112737689142604966230?hl=es-ES
ChdDSUhNMG9nS0VJQ0FnSURzMmI2RzVBRRABGhZwWVRTTl9HR2Yza2xuR0JPV1FaTHFn,Precioso y muy bien conservado,Hace una semana,2020-03-21 17:56:39.296014,5.0,yolanda garcia,0,0,https://www.google.com/maps/contrib/112327031104046163681?hl=es-ES
ChZDSUhNMG9nS0VJQ0FnSURzMmRiVExnEAEaFkJIby1iNzBvd0N1b01qaGw3MHVBZGc,"Esta bien, pero deberían de tener un mejor mantenimiento y dejar subir a las zonas donde puedes ver mejor las vistas, aunque bueno las vistas no son nada del otro mundo, hay sitios en Badajoz con mejores vistas.",Hace una semana,2020-03-21 17:56:39.296014,3.0,Alex ASM,0,0,https://www.google.com/maps/contrib/103647801142766004102?hl=es-ES
ChdDSUhNMG9nS0VJQ0FnSURzbWNIWDBRRRABGhZvd1lGWjhoZW5DdGxjWGM2SWQ0Sk13,,Hace una semana,2020-03-21 17:56:45.598951,5.0,MERCEDES BG,0,0,https://www.google.com/maps/contrib/106314112159875599567?hl=es-ES
ChdDSUhNMG9nS0VJQ0FnSURzbVpTRi1nRRABGhZMT2VjQzFxejRjRjducEhyVFI3aENn,"(Traducido por Google) Seguro que estará bien, después de los trabajos ...  (Original) Vai ficar bom de certeza, depois das obras...",Hace una semana,2020-03-21 17:56:45.599948,3.0,António Martins,0,0,https://www.google.com/maps/contrib/102484270882314532797?hl=es-ES
ChZDSUhNMG9nS0VJQ0FnSURzNmRleEVBEAEaFkhleGowU0dVbTJXbEVReC1jWlNZSXc,,Hace una semana,2020-03-21 17:56:45.599948,5.0,Sonia Infante,0,0,https://www.google.com/maps/contrib/110296854545658125319?hl=es-ES
ChZDSUhNMG9nS0VJQ0FnSURzNlk3dmFBEAEaFllxcVk4aEViOHcxS1JXdExId1FYSmc,Excelente,Hace una semana,2020-03-21 17:56:45.600946,5.0,Javier Viloria,26,0,https://www.google.com/maps/contrib/105964033278266069839?hl=es-ES
ChdDSUhNMG9nS0VJQ0FnSURzcVlMUWxnRRABGhZLMmdwa1JWTDdpenROa3pUR3F1M053,,Hace una semana,2020-03-21 17:56:45.601943,5.0,Dario Martini,0,0,https://www.google.com/maps/contrib/110628650245998391559?hl=es-ES
ChdDSUhNMG9nS0VJQ0FnSURzaVllRTJBRRABGhZENFpFdlhZUC1TWWlySVlFcVVlZHpR,,Hace una semana,2020-03-21 17:56:45.602940,5.0,Israel Ramos,0,0,https://www.google.com/maps/contrib/114880366259155362088?hl=es-ES
ChZDSUhNMG9nS0VJQ0FnSURzaWViM0dREAEaFjVoUkNWVEFlamFFdGJlV2p5OHBxY2c,Es muy interesante y se tiene unas vistas .....,Hace una semana,2020-03-21 17:56:45.603938,4.0,Martina Peters,0,0,https://www.google.com/maps/contrib/105267392912392046887?hl=es-ES
ChdDSUhNMG9nS0VJQ0FnSURzaVpMNjhRRRABGhZIOGlPbjFOUjJ5V3VyZHpGdWlkRElR,,Hace una semana,2020-03-21 17:56:45.603938,5.0,Larissa Guimarães Rocha,5,0,https://www.google.com/maps/contrib/102902157279427235653?hl=es-ES
ChdDSUhNMG9nS0VJQ0FnSURzOGMtdHB3RRABGhZqeFhzbFFxUVBCcjhGWlU4UHd4cTB3,,Hace una semana,2020-03-21 17:56:45.604935,5.0,David Martin Matito,0,0,https://www.google.com/maps/contrib/114825831375179579718?hl=es-ES
ChdDSUhNMG9nS0VJQ0FnSURzOGJQNHZ3RRABGhZtaWNYSndDWTFITTU2YzdjQjFzX1dn,Lo mejor de Badajoz,Hace una semana,2020-03-21 17:56:45.605932,5.0,Borja Morillo,0,0,https://www.google.com/maps/contrib/115017416987706930188?hl=es-ES
ChdDSUhNMG9nS0VJQ0FnSURzc1lfZGlRRRABGhZ6WlJDTG05VWhYRlF5QWxFQjZEalBR,,Hace 2 semanas,2020-03-21 17:56:51.991564,4.0,Catia Simões,0,0,https://www.google.com/maps/contrib/108839249024074817987?hl=es-ES
ChdDSUhNMG9nS0VJQ0FnSURzc2RXVjd3RRABGhZfUlhqdTNISExYNjRucERFVU9hZTJ3,,Hace 2 semanas,2020-03-21 17:56:51.992561,5.0,Maria Hurtado,0,0,https://www.google.com/maps/contrib/105211776088232834630?hl=es-ES
ChdDSUhNMG9nS0VJQ0FnSURzc2E2MmdnRRABGhY0M2VDdUVydmJIanFMcUVIMGV2cTVR,,Hace 2 semanas,2020-03-21 17:56:51.992561,5.0,Piedad Soto,1,0,https://www.google.com/maps/contrib/110204295895930645937?hl=es-ES
ChZDSUhNMG9nS0VJQ0FnSURzNFpDaGZBEAEaFmJ0bWZmanV3ZV82WjR3djBqNEhVX3c,,Hace 2 semanas,2020-03-21 17:56:51.993558,5.0,Carolina Iorfida,0,0,https://www.google.com/maps/contrib/116085949084357541306?hl=es-ES
ChZDSUhNMG9nS0VJQ0FnSURzb2Fxa0hBEAEaFlMzazZHUXJtMnNEb0xmYzZlVmhJSkE,"Joya poco conocida,  es increíble que sea la más grande de Europa y no este mejor conservado.",Hace 2 semanas,2020-03-21 17:56:51.994555,5.0,Araceli Garcia Lustre,0,0,https://www.google.com/maps/contrib/114738759916859676800?hl=es-ES
ChZDSUhNMG9nS0VJQ0FnSURzX3I3MEZREAEaFkdhNGhHLURKUHZ1VGxEVDh1UXlkd2c,,Hace 2 semanas,2020-03-21 17:56:51.995553,5.0,Dolors Guerrero Vacas,4,0,https://www.google.com/maps/contrib/107272942014399022171?hl=es-ES
ChdDSUhNMG9nS0VJQ0FnSURzdnBqSXRRRRABGhZPSjVYNXY0NXJneXBoNGN0MkI5eTdn,,Hace 2 semanas,2020-03-21 17:56:51.996551,5.0,Luciana Duque,0,0,https://www.google.com/maps/contrib/107307167524596846110?hl=es-ES
ChZDSUhNMG9nS0VJQ0FnSURzM3FfeUpREAEaFk14UlJxRTRVUDRob2Z5MWp4T3VqRUE,,Hace 2 semanas,2020-03-21 17:56:51.997547,5.0,Andrea Sánchez,8,0,https://www.google.com/maps/contrib/112165720671739232998?hl=es-ES
ChZDSUhNMG9nS0VJQ0FnSURzM292WURBEAEaFmtTcUZrRDRLMjYya082OXpjcEVlZ1E,,Hace 2 semanas,2020-03-21 17:56:51.997547,4.0,ANGEL MARIA,122,0,https://www.google.com/maps/contrib/106575747072886996654?hl=es-ES
ChdDSUhNMG9nS0VJQ0FnSURzM3ZMdHlnRRABGhZESURhS2RYRGhHY1V2M3c4U1dvX213,,Hace 2 semanas,2020-03-21 17:56:51.998545,5.0,Clarisa Herreras Diez,0,0,https://www.google.com/maps/contrib/109139873024568861718?hl=es-ES
ChZDSUhNMG9nS0VJQ0FnSURzN3JXZFRnEAEaFmpZYUFwUU42UzBaZVpDRjctUHdQNlE,,Hace 2 semanas,2020-03-21 17:56:58.419856,4.0,Jimmy,0,0,https://www.google.com/maps/contrib/114060120791289114604?hl=es-ES
ChZDSUhNMG9nS0VJQ0FnSURzN29HREZnEAEaFjlZR0twNy1WVy1BeFJlOWVBYlRoTVE,,Hace 2 semanas,2020-03-21 17:56:58.419856,5.0,Ana Baturone Cárdeno,0,0,https://www.google.com/maps/contrib/104837702075512929091?hl=es-ES
ChdDSUhNMG9nS0VJQ0FnSURzcnBhS213RRABGhZrZ3UzV1RPR21nbTU2TjdQeFBwblpB,(Traducido por Google) Lugar precioso e histórico.  (Original) Precioso e histórico lugar.,Hace 2 semanas,2020-03-21 17:56:58.420853,5.0,Ana Mar,0,0,https://www.google.com/maps/contrib/107226061508988693158?hl=es-ES
ChdDSUhNMG9nS0VJQ0FnSURzem9PdTNnRRABGhZJbWJJRmpRc3ZmNnFpeENzUmIzenBB,Un lugar muy recomendable para visitar y no dejar de ver el museo,Hace 2 semanas,2020-03-21 17:56:58.421851,5.0,Cristina Salguero,1,0,https://www.google.com/maps/contrib/106921527972851535491?hl=es-ES
ChZDSUhNMG9nS0VJQ0FnSURzdHBPRE9nEAEaFjZVLUdMUGsxWHhkalJ2NnBzbmtma0E,,Hace 2 semanas,2020-03-21 17:56:58.422848,5.0,ALEJANDRO CURRAS RIVAS,0,0,https://www.google.com/maps/contrib/107927763753813405378?hl=es-ES
ChZDSUhNMG9nS0VJQ0FnSURzMXFXRUNBEAEaFnNpdTQtWk42ZDN2a0NlLXpyTWZxanc,"Extensa alcazaba, donde se aprecia unas vistas de Badajoz muy bonitas. Vale la pena pasear x todo el recinto. Como crítica constructiva, se recomienda mejorar la limpieza del entorno.",Hace 2 semanas,2020-03-21 17:56:58.423846,4.0,Pedro Gomez,0,0,https://www.google.com/maps/contrib/112686347130924174553?hl=es-ES
ChZDSUhNMG9nS0VJQ0FnSURzMXZDY1BBEAEaFkswa0NtZkFVY1FWQ0dYSXM1dldvTWc,,Hace 2 semanas,2020-03-21 17:56:58.423846,5.0,maria angeles ruiz,4,0,https://www.google.com/maps/contrib/116804359046799259671?hl=es-ES
ChdDSUhNMG9nS0VJQ0FnSURzcG9fRTNnRRABGhYwZXFiY3piWlJfNkR0Uk1qaEpveTFB,,Hace 2 semanas,2020-03-21 17:56:58.424843,5.0,Carmen Barragan,0,0,https://www.google.com/maps/contrib/103826184905341726796?hl=es-ES
ChdDSUhNMG9nS0VJQ0FnSURzcHNILWp3RRABGhZkNi1yLXJtM3hqb2RVS1Vpd0tMM1l3,,Hace 2 semanas,2020-03-21 17:56:58.425840,5.0,Jessica Borges,0,0,https://www.google.com/maps/contrib/113031383458834349278?hl=es-ES
ChdDSUhNMG9nS0VJQ0FnSURzLXRmZTlnRRABGhZ5b3J0TlJPVlJpY3pPN2NrUzNpTW13,,Hace 2 semanas,2020-03-21 17:56:58.426837,5.0,Pedro Oliveira,0,0,https://www.google.com/maps/contrib/112429763472744144751?hl=es-ES
ChdDSUhNMG9nS0VJQ0FnSURzdXMyUzF3RRABGhZPbXBUbHgwS2liNjQ1MlFpSmtweWdR,,Hace 2 semanas,2020-03-21 17:57:05.016560,5.0,Teresa Romero Rey,0,0,https://www.google.com/maps/contrib/116728941067723243123?hl=es-ES
ChZDSUhNMG9nS0VJQ0FnSURzdXJXNGN3EAEaFnJ6cVdNLUlwVHY2dXRzcnRGMzRjeXc,,Hace 2 semanas,2020-03-21 17:57:05.018526,5.0,Maria Jose del Campo Fernandez,0,0,https://www.google.com/maps/contrib/109321117218250924801?hl=es-ES
ChdDSUhNMG9nS0VJQ0FnSURzMnY3dXR3RRABGhZvZFpTeUZ1M0p3TTVwOG5iOXVZUG5n,Las mejores vistas de Badajoz. Recomendado el paseo por la muralla y los jardines de la Galera,Hace 2 semanas,2020-03-21 17:57:05.019523,5.0,Pablo Melendez Delgado,0,0,https://www.google.com/maps/contrib/109464402766284623724?hl=es-ES
ChZDSUhNMG9nS0VJQ0FnSURzMnNybkNnEAEaFkRObnhQRDhEX0dLTUpRYURGRnUzVEE,,Hace 2 semanas,2020-03-21 17:57:05.020521,5.0,Domingo España Mesa,3,0,https://www.google.com/maps/contrib/106499943734031099870?hl=es-ES
ChZDSUhNMG9nS0VJQ0FnSURzbXJHQU1BEAEaFlpnbGtvb3NXWWRyLW9xdGxqVzFpNWc,,Hace 2 semanas,2020-03-21 17:57:05.022515,5.0,Isabel María Pérez Rey,0,0,https://www.google.com/maps/contrib/118090166235756604268?hl=es-ES
ChZDSUhNMG9nS0VJQ0FnSURzcXRtNGFnEAEaFjNwSzJkSU9leXlMUUdoTHJkcGdzanc,,Hace 2 semanas,2020-03-21 17:57:05.023512,5.0,M. Jesus Areste,0,0,https://www.google.com/maps/contrib/118325401147749939946?hl=es-ES
ChZDSUhNMG9nS0VJQ0FnSURzcW95dVJnEAEaFk1ZOEtFMGNQdkptSjZFMHV4bEhNSUE,,Hace 2 semanas,2020-03-21 17:57:05.024510,5.0,Rafael,1,0,https://www.google.com/maps/contrib/114552000576575475098?hl=es-ES
ChdDSUhNMG9nS0VJQ0FnSURzeXNlS21RRRABGhZDclQ4N2pLWWZrMUVESldaWmE1eUdn,Ideal para desconectar Es como ir al pasado y disfrutar de su encanto Animo a que se siga invirtiendo en mejorar lo que falta,Hace 2 semanas,2020-03-21 17:57:05.026504,5.0,Raquel silva,0,0,https://www.google.com/maps/contrib/117887934199530978501?hl=es-ES
ChdDSUhNMG9nS0VJQ0FnSURzeW96cjZRRRABGhZfLWgxOFdUdXJMWjg4bWw4c1A4ZzB3,,Hace 3 semanas,2020-03-21 17:57:05.027502,5.0,pokeinalover,1,0,https://www.google.com/maps/contrib/106061255367569656724?hl=es-ES
ChZDSUhNMG9nS0VJQ0FnSURzeW9DNkF3EAEaFnh5Vl9mZnRXTTRPd2ZaMEFRM0lyQ3c,Muy bonito y cuidado pero lo de alumbrar restos arqueológicos con luces de neón... no sé yo,Hace 3 semanas,2020-03-21 17:57:05.028528,4.0,Carri Carrizosa,0,0,https://www.google.com/maps/contrib/102002523657805585598?hl=es-ES
ChZDSUhNMG9nS0VJQ0FnSURzaXBHMFpnEAEaFmdOWG9UVUdZNVdDYnA4WUhvcUs5RkE,,Hace 3 semanas,2020-03-21 17:57:11.621042,5.0,Marta Martínez,0,0,https://www.google.com/maps/contrib/107959053346899513561?hl=es-ES
ChdDSUhNMG9nS0VJQ0FnSURzaXI3b21BRRABGhZGa0paN2NoQ1RuaUoxbzFjZlJfaWRR,,Hace 3 semanas,2020-03-21 17:57:11.622040,5.0,Yessica Rodriguez,0,0,https://www.google.com/maps/contrib/105812598528256661053?hl=es-ES
ChdDSUhNMG9nS0VJQ0FnSURzaXM2SHZRRRABGhY1VG1zazUtLXZpb3NkYmsyTXBaektB,,Hace 3 semanas,2020-03-21 17:57:11.623037,4.0,Ricardo Santos,1,0,https://www.google.com/maps/contrib/117723906760325769330?hl=es-ES
ChdDSUhNMG9nS0VJQ0FnSURzc3RLZGpBRRABGhZ3S3d0NUk0LUw2RUl3YkpUZWlPLWd3,,Hace 3 semanas,2020-03-21 17:57:11.624034,1.0,Mati Lopez González,0,0,https://www.google.com/maps/contrib/100170914438886207770?hl=es-ES
ChdDSUhNMG9nS0VJQ0FnSURzMHUtUWhRRRABGhZ3WVh2VlIwU2JvOVNUdnlNcFF1TWpn,,Hace 3 semanas,2020-03-21 17:57:11.626028,5.0,Juan Carlos Roldan,25,0,https://www.google.com/maps/contrib/118279960463122387093?hl=es-ES
ChdDSUhNMG9nS0VJQ0FnSURzMHBPdzR3RRABGhZOOVJkZE9pZnlsc3pwN0RRc1ZuVlBB,Un sitio historico muy bonito y muy bien cuidado visitalo,Hace 3 semanas,2020-03-21 17:57:11.627026,3.0,Maria Auxiliadora Garcia,0,0,https://www.google.com/maps/contrib/109805391825255254546?hl=es-ES
ChZDSUhNMG9nS0VJQ0FnSURzMHZtZGVREAEaFm9mQzJoQ2pSVzVleU9PZlVDOGRyQXc,Muralla visitable en toda su extensión,Hace 3 semanas,2020-03-21 17:57:11.628023,5.0,Domingo Domínguez Rodríguez,20,0,https://www.google.com/maps/contrib/115358708518538594622?hl=es-ES
ChZDSUhNMG9nS0VJQ0FnSURzMHJDemRREAEaFkZpVE56SXZyRVcteHFTZ1VuYThpWlE,,Hace 3 semanas,2020-03-21 17:57:11.629020,5.0,Alex Cordoba,0,0,https://www.google.com/maps/contrib/114766031591534906482?hl=es-ES
ChZDSUhNMG9nS0VJQ0FnSURza3RlWVF3EAEaFnV6eUlZenB2WW1LVEJMT1RXY1NycXc,,Hace 3 semanas,2020-03-21 17:57:11.630018,5.0,Marta Bustamante,0,0,https://www.google.com/maps/contrib/100117008424862799787?hl=es-ES
ChZDSUhNMG9nS0VJQ0FnSURza3M2MFFnEAEaFmZ6aVZyYkJQOUpRQWVoX2tyVm5abnc,,Hace 3 semanas,2020-03-21 17:57:11.632012,5.0,Adrian Rodríguez ortiz,0,0,https://www.google.com/maps/contrib/115745304270619419183?hl=es-ES
ChdDSUhNMG9nS0VJQ0FnSURza3FhWTh3RRABGhZPWVh0WV9oc1FtMVlFNi1SelVjZWVB,,Hace 3 semanas,2020-03-21 17:57:18.221612,5.0,Esther Vaello,0,0,https://www.google.com/maps/contrib/113757007440415959074?hl=es-ES
ChZDSUhNMG9nS0VJQ0FnSURzNHV2NWZ3EAEaFmJoNHd1bU81RzZPdTB5LVRubGdpMEE,Buen sitio cultural,Hace 3 semanas,2020-03-21 17:57:18.222609,2.0,Juan Rubio Pavon,0,0,https://www.google.com/maps/contrib/112302419339541946882?hl=es-ES
ChdDSUhNMG9nS0VJQ0FnSURzNHYybHpRRRABGhZmY3YzdXgyMU16RDBzc2o3clRtMzNn,,Hace 3 semanas,2020-03-21 17:57:18.223607,5.0,Luis Guerra,0,0,https://www.google.com/maps/contrib/105606221019731400089?hl=es-ES
ChZDSUhNMG9nS0VJQ0FnSURzd29LSUJnEAEaFjNWdjZUcjhQNWF1TllRTl96MWUxbEE,"Lugar muy hermoso, dentro de los años que tiene bien conservado, se hace un buen y agradable recorrido, me gusto mucho",Hace 3 semanas,2020-03-21 17:57:18.225630,4.0,Concepcion Iglesias,0,0,https://www.google.com/maps/contrib/100726687053282333321?hl=es-ES
ChdDSUhNMG9nS0VJQ0FnSURzZ3JmWmdnRRABGhY5ZlRtMzdDSXZ4STlWWXFaekduQ3dB,,Hace 3 semanas,2020-03-21 17:57:18.226627,4.0,Alberto Mazo Martinez,0,0,https://www.google.com/maps/contrib/116716215042473952278?hl=es-ES
ChdDSUhNMG9nS0VJQ0FnSURzdlA3emdBRRABGhZfSmZHM2Y4V254MzktVW5Dc25TVnpn,,Hace 3 semanas,2020-03-21 17:57:18.227625,4.0,Francisco Dias,4,0,https://www.google.com/maps/contrib/104749808791311569549?hl=es-ES
ChZDSUhNMG9nS0VJQ0FnSURzblBLQ0RREAEaFnJzN0txNmNoZVpsbFlDM1VQNmx4Y0E,,Hace 3 semanas,2020-03-21 17:57:18.228622,4.0,Ana Ribes,0,0,https://www.google.com/maps/contrib/107272143097793365760?hl=es-ES
ChZDSUhNMG9nS0VJQ0FnSURzckpUdmFBEAEaFi1TQ2NrVnA0VmUzV2dKQW9IWHdGMUE,,Hace 3 semanas,2020-03-21 17:57:18.229620,5.0,Jose Gaitán,0,0,https://www.google.com/maps/contrib/112461645221618694963?hl=es-ES
ChZDSUhNMG9nS0VJQ0FnSURzeklPdVhnEAEaFjJiT0l0V3YzakhmdEQ5YVZUamY5V1E,Para perderse,Hace 3 semanas,2020-03-21 17:57:18.230616,5.0,Ada Dolores del Carmen,0,0,https://www.google.com/maps/contrib/115583373737299924671?hl=es-ES
ChZDSUhNMG9nS0VJQ0FnSURzekwyQk5BEAEaFnZSbG1pSzF2UTNhdWkzcTE3c0NLVGc,(Traducido por Google) Muy hermoso lugar y maravillosas vistas sobre badajoz !!!  (Original) Sitio muito bonito!e umas vistas maravilhosas sobre badajoz!!!,Hace 3 semanas,2020-03-21 17:57:18.231616,5.0,Nelson Ramalho,21,0,https://www.google.com/maps/contrib/110669197619386076406?hl=es-ES
ChZDSUhNMG9nS0VJQ0FnSURzekltNWJREAEaFlQxb1dOSWN0aUxVcURVRDVUbGo3SFE,,Hace 3 semanas,2020-03-21 17:57:25.047834,5.0,Raquel González,0,0,https://www.google.com/maps/contrib/108198422491409605828?hl=es-ES
ChdDSUhNMG9nS0VJQ0FnSURzek1MajRBRRABGhZ4ZWZzam1GamNhdjZPRnBRMjIycEhB,,Hace 3 semanas,2020-03-21 17:57:25.047834,5.0,David Franco Núñez,0,0,https://www.google.com/maps/contrib/110193625643927906279?hl=es-ES
ChdDSUhNMG9nS0VJQ0FnSUR3cHNPMWtBRRABGhYxSEt2X2d1OFhacmtsUUVBS0lSdUZB,Iba con personas ajenas  a Badajoz  y quedaron asombrados,Hace 3 semanas,2020-03-21 17:57:25.048831,5.0,Mercedes Dominguez Lozabi,0,0,https://www.google.com/maps/contrib/103898895244358412300?hl=es-ES
ChdDSUhNMG9nS0VJQ0FnSURzOUxXYWd3RRABGhZLN3VhQjBtcFB1Z1RlN3NZRFJPMV9R,"Un lugar patrimonio de la ciudad. La alcazaba es de las pocas muestras de muralla musulmana que quedan. Las comparaciones son odiosas, pero deberían fijarse en las cosas que hacen en Mérida o Cáceres para aprender como darle valor al patrimonio de Badajoz porque sólo tienes que darte un paseo por el casco antiguo para morirte de pena.",Hace 3 semanas,2020-03-21 17:57:25.049829,2.0,Sergio Guerrero,0,0,https://www.google.com/maps/contrib/103293253533217034100?hl=es-ES
ChZDSUhNMG9nS0VJQ0FnSURzMUlpTFhnEAEaFm5RdE9KaExhQ29Qdm9RN2l5RHRmbWc,,Hace 3 semanas,2020-03-21 17:57:25.050826,4.0,Rui Herdadinha,0,0,https://www.google.com/maps/contrib/103344003855870097798?hl=es-ES
ChdDSUhNMG9nS0VJQ0FnSURzbEtYSHJnRRABGhZxRnRCcFlXUjdFSW9HeHZEdzZDbnZB,,Hace 3 semanas,2020-03-21 17:57:25.051823,4.0,Ale ST,0,0,https://www.google.com/maps/contrib/112597388933058474967?hl=es-ES
ChZDSUhNMG9nS0VJQ0FnSURzNU9td0lBEAEaFlFSQUtZcE9IOXR1bUw0eXpybkFTVWc,,Hace 3 semanas,2020-03-21 17:57:25.052821,3.0,Nuno Cruz,0,0,https://www.google.com/maps/contrib/108588029322655171033?hl=es-ES
ChZDSUhNMG9nS0VJQ0FnSURzNUtxSUlBEAEaFlBhbGQzMHU1YXdvZjNFM2dfMlpWLXc,Excelente,Hace 3 semanas,2020-03-21 17:57:25.052821,5.0,Roberto Totah,0,0,https://www.google.com/maps/contrib/101702247981427842203?hl=es-ES
ChZDSUhNMG9nS0VJQ0FnSURzcEp5WVZBEAEaFklVUXpmZTNhckM3S1BCRF9sOXNsY0E,,Hace 3 semanas,2020-03-21 17:57:25.053818,5.0,zoila villarroel,0,0,https://www.google.com/maps/contrib/101041439447256201806?hl=es-ES
ChZDSUhNMG9nS0VJQ0FnSURzeE5qbkxREAEaFm5IcmlYbkxUb0dvQmpQZmdsVFZfdmc,,Hace 3 semanas,2020-03-21 17:57:25.054816,4.0,Maria Isabel Jiménez Muñoyerro,10,0,https://www.google.com/maps/contrib/112432922342011931552?hl=es-ES
ChdDSUhNMG9nS0VJQ0FnSURzLUl2LWpRRRABGhY3WXdyRDFqaG92VHNIcDZhMXdFVWVB,"Es una zona muy bonita, con mucho césped donde puedes hacer picnics o que tus perros corran por allí, también hay un parque y está cerca de otras zonas de interés. Hay un aparcamiento dentro pero no recomiendo aparcar allí, voy todos los días y siempre hay gorrillas que suelen causar problemas a los conductores. En general una zona muy bonita de Badajoz que merece ser visitada",Hace 3 semanas,2020-03-21 17:57:31.829308,5.0,maria montero lopez,2,0,https://www.google.com/maps/contrib/115612174213331236859?hl=es-ES
ChdDSUhNMG9nS0VJQ0FnSURzbU1QWXZRRRABGhZsNzZJYk9fXzBJNFI3SUt5eGMzYkp3,,Hace 3 semanas,2020-03-21 17:57:31.829308,4.0,Luisa Saez,15,0,https://www.google.com/maps/contrib/115129967253685092531?hl=es-ES
ChdDSUhNMG9nS0VJQ0FnSURzbUtUeV9BRRABGhYyVDk4U0pXWjZzTnNhN1JGOGs5aTdn,,Hace 4 semanas,2020-03-21 17:57:31.830306,4.0,Jose Luis Jiménez Lopez,0,0,https://www.google.com/maps/contrib/111469458020401838679?hl=es-ES
ChdDSUhNMG9nS0VJQ0FnSURzNkotQnVRRRABGhZQUmEwXy1uN2lRdkl1SG1PVzBiU0lB,Hay que visitarlo yaaaa,Hace 4 semanas,2020-03-21 17:57:31.831303,5.0,Eugenia Molano,0,0,https://www.google.com/maps/contrib/109855495415094388147?hl=es-ES
ChdDSUhNMG9nS0VJQ0FnSURzNk1DSi13RRABGhZDWkdFN3NBSVFHOHFLQW5EV21ySzBB,Dimos un buen paseo disfrutando por las murallas. Vistas preciosas de la ciudad desde allí. Vale mucho la pena verla. Recomendable.,Hace 4 semanas,2020-03-21 17:57:31.832300,4.0,Noemi M.F,0,0,https://www.google.com/maps/contrib/115780749709973206983?hl=es-ES
ChdDSUhNMG9nS0VJQ0FnSURzOExfSC1nRRABGhZNOUR4T0I4RDVScUd6Skowa09TZHFn,,Hace 4 semanas,2020-03-21 17:57:31.833298,5.0,Cristina Avila,0,0,https://www.google.com/maps/contrib/102730459840909590851?hl=es-ES
ChZDSUhNMG9nS0VJQ0FnSURzOFBXTEh3EAEaFnBvQTVRSVY1NWs3WmZSTWhhdXpXdXc,,Hace un mes,2020-03-21 17:57:31.833298,3.0,ALBERTO P.M.,0,0,https://www.google.com/maps/contrib/106605438038671258823?hl=es-ES
ChdDSUhNMG9nS0VJQ0FnSURzc0t2TWlBRRABGhYtM3VodVlrQVpfU2tuaXFsc096MW9R,,Hace un mes,2020-03-21 17:57:31.834295,5.0,Michelle Delaigue,2,0,https://www.google.com/maps/contrib/100564361434783891722?hl=es-ES
ChZDSUhNMG9nS0VJQ0FnSURzc09QVlFREAEaFlppS2I4dkxSV2tld0szcUE1UTNiN2c,,Hace un mes,2020-03-21 17:57:31.835292,5.0,pedro blanco diaz,1,0,https://www.google.com/maps/contrib/116252680585982437951?hl=es-ES
ChdDSUhNMG9nS0VJQ0FnSURza1BxQXlRRRABGhZXNks0YTQtazlOZFRBVlUzVTE4S3hR,,Hace un mes,2020-03-21 17:57:31.836290,5.0,Cristina Tostado Diaz,0,0,https://www.google.com/maps/contrib/101101611359164359155?hl=es-ES
