id_review,caption,timestamp,rating,username,n_review_user,n_photo_user,url_user
ChZDSUhNMG9nS0VJQ0FnSUNjamFtbElnEAEaFjg1b2NLY0FuMmY4ZjZ6SzlMd21PNlE,"Museo singular, muy ilustrativa la visita merece la pena.",hace 3 días,2020-03-23 12:13:58.522825,4.0,Francisco Sánchez González Sánchez,3765,0,https://www.google.com/maps/contrib/111954890370354918146?hl=es-ES
ChdDSUhNMG9nS0VJQ0FnSURzNmRmOTNRRRABGhZVSEFBNS0tbDhtaVhObHl5U2ZodDl3,"Me quedé alucinada, es muy grande y precioso, un antiguo cuartel militar convertido en museo, tiene muchas salas las cuales te aconsejan como visitarlas, desde la época más antigua a la más moderna. Os aconsejo que lo visitéis os va a encantar.",hace 6 días,2020-03-23 12:13:58.522825,5.0,Sonia Infante,0,0,https://www.google.com/maps/contrib/110296854545658125319?hl=es-ES
ChZDSUhNMG9nS0VJQ0FnSUNjMmZ6R1VREAEaFm9SOF9rVV9mZUZ3eXRvMGNlbWNvLUE,(Traducido por Google) Interesante  (Original) Interesting,Hace una semana,2020-03-23 12:13:58.523822,5.0,Eleazar Perez,0,0,https://www.google.com/maps/contrib/113848550269746574338?hl=es-ES
ChdDSUhNMG9nS0VJQ0FnSUNjd2JLazhnRRABGhZkQzBPTVp2aWZaX0o2c3JiSW5BNW1R,,Hace una semana,2020-03-23 12:13:58.524819,1.0,juanantonio g,0,0,https://www.google.com/maps/contrib/103515337920348988775?hl=es-ES
ChZDSUhNMG9nS0VJQ0FnSUNjbUxIV1dREAEaFmxhd1MwUDY1VERjR3pxSDVrSDljUGc,Excelente,Hace una semana,2020-03-23 12:13:58.525816,5.0,Javier Viloria,26,0,https://www.google.com/maps/contrib/105964033278266069839?hl=es-ES
ChdDSUhNMG9nS0VJQ0FnSURzc2RYSmd3RRABGhY5eEJWak1TcXB1bGtRNmd6N0VuUGJn,,Hace 2 semanas,2020-03-23 12:13:58.526813,5.0,Maria Hurtado,0,0,https://www.google.com/maps/contrib/105211776088232834630?hl=es-ES
ChZDSUhNMG9nS0VJQ0FnSURzc2JUR2VnEAEaFk9Fb0tQQ0taWXdQS0lsV19JUGZQZlE,(Traducido por Google) Muy buen museo gratis.  (Original) Très beau musée gratuit.,Hace 2 semanas,2020-03-23 12:13:58.527811,5.0,Patrice Krysztofiak,0,0,https://www.google.com/maps/contrib/111608651111863715972?hl=es-ES
ChZDSUhNMG9nS0VJQ0FnSURzMXVtOE5BEAEaFnA0UDcxQ3hwd0UwbHJWMDJlOGNOUVE,"Excelente museo, donde se muestra una variada y extensa colección de objetos, esculturas y arte. En sí mismo el interior del  edificio es muy bonito. La entrada es gratuita y la visita muy recomendable.",Hace 2 semanas,2020-03-23 12:13:58.528808,5.0,Pedro Gomez,0,0,https://www.google.com/maps/contrib/112686347130924174553?hl=es-ES
ChdDSUhNMG9nS0VJQ0FnSURzbXY3MV9BRRABGhZHczI2d0tXMDNYd3lmNjh1QW9oY1lB,,Hace 3 semanas,2020-03-23 12:13:58.528808,4.0,Laly Morales Molina,2,0,https://www.google.com/maps/contrib/106428677417031854119?hl=es-ES
ChdDSUhNMG9nS0VJQ0FnSURzeXRlSnhRRRABGhY1SXcyOEl5QUZWRFRXYXptUWlubnpR,Estupendo,Hace 3 semanas,2020-03-23 12:13:58.529805,5.0,juan pablo rumbo borrella,0,0,https://www.google.com/maps/contrib/101190767478137159929?hl=es-ES
ChdDSUhNMG9nS0VJQ0FnSURzaXEyazdBRRABGhZ4XzNZMTQ0alZrZUJQTDJvUGRrNXNB,,Hace 3 semanas,2020-03-23 12:13:58.530802,5.0,Rafael,1,0,https://www.google.com/maps/contrib/114552000576575475098?hl=es-ES
ChZDSUhNMG9nS0VJQ0FnSURzaXJMb0VREAEaFnZUaWxwbktDc2V3eW9WUGdtczB1TWc,,Hace 3 semanas,2020-03-23 12:13:58.531799,4.0,esther rodriguez,0,0,https://www.google.com/maps/contrib/106380823372952334949?hl=es-ES
ChZDSUhNMG9nS0VJQ0FnSURzNHV1ZFZ3EAEaFnNjMnZFMF9YTUJmUEVFVkFoMl92TVE,Sitio cultural,Hace 3 semanas,2020-03-23 12:13:58.532798,2.0,Juan Rubio Pavon,0,0,https://www.google.com/maps/contrib/112302419339541946882?hl=es-ES
ChdDSUhNMG9nS0VJQ0FnSURzb29EWF9RRRABGhZ0SGtOb2J1aUNvV2FHSS1ZZ0R6ZUtR,,Hace 3 semanas,2020-03-23 12:13:58.533796,5.0,Enrique,0,0,https://www.google.com/maps/contrib/116560967397853597459?hl=es-ES
ChdDSUhNMG9nS0VJQ0FnSURzM1BmZzVBRRABGhZRLWZtNmItNXdySWIyUTB3Y1JlTzRB,Un museo que es muy importante visitarlo para entender mucho mejor los orígenes de la ciudad,Hace 3 semanas,2020-03-23 12:13:58.533796,5.0,Isabel Peláez Alvarez,0,0,https://www.google.com/maps/contrib/115916964779491715698?hl=es-ES
ChZDSUhNMG9nS0VJQ0FnSURzbE1HNU53EAEaFkQyVlR0eFoyUEZCUUp2QjNYUFIxb2c,Precioso,Hace 3 semanas,2020-03-23 12:13:58.534792,5.0,Eugenia Molano,0,0,https://www.google.com/maps/contrib/109855495415094388147?hl=es-ES
ChdDSUhNMG9nS0VJQ0FnSURzeE1UTnFRRRABGhZMU0VjbnV2OFQtZE9pOE05TTRzTnR3,,Hace 4 semanas,2020-03-23 12:13:58.535791,5.0,Richard GaLo,0,0,https://www.google.com/maps/contrib/107807517675113440739?hl=es-ES
ChZDSUhNMG9nS0VJQ0FnSURzNEo2Z053EAEaFjdoTVlObVZCS1E4WjFZZ1dMMEtEVlE,"(Traducido por Google) Una bonita exposición. Desafortunadamente, las explicaciones en las exhibiciones no están en inglés. Los espacios de estacionamiento son 140 libres, pero estaban llenos.  (Original) Eine schöne Ausstellung. Leider gibt's die Erklärungen an den Exponaten nicht in Englisch. Parkplätze sind mit 140 libre ausgewiesen, waren jedoch voll.",Hace un mes,2020-03-23 12:13:58.536787,4.0,Rolf J. Glade,256,0,https://www.google.com/maps/contrib/106762187910059504373?hl=es-ES
ChdDSUhNMG9nS0VJQ0FnSUNzdV9HV2l3RRABGhZxNEpVQ1FmeU5fcHpBYWVBYWRKaWZR,,Hace un mes,2020-03-23 12:13:58.537785,5.0,Jose joseaex,0,0,https://www.google.com/maps/contrib/104320169687257856534?hl=es-ES
ChdDSUhNMG9nS0VJQ0FnSUNzZzh2dXRnRRABGhZRM2stQ3Y5ajlrRlgtUlJUZlotRzB3,,Hace un mes,2020-03-23 12:13:58.538757,5.0,J. Gamón,0,0,https://www.google.com/maps/contrib/105557812655536521558?hl=es-ES
ChZDSUhNMG9nS0VJQ0FnSUNzN2VfOGJ3EAEaFlVSQTF1Vm54aFdaVEYzOXdzdXVKalE,,Hace un mes,2020-03-23 12:14:04.864459,5.0,José Ramón González,1,0,https://www.google.com/maps/contrib/107044599799236181165?hl=es-ES
ChdDSUhNMG9nS0VJQ0FnSUNzMWUyVzdBRRABGhZfYjVxX0ZFZDNvRmI3Sm82TnFwejNB,,Hace un mes,2020-03-23 12:14:04.865452,5.0,Antonio Figueroa Zambrana,1,0,https://www.google.com/maps/contrib/112282658958111790359?hl=es-ES
ChdDSUhNMG9nS0VJQ0FnSUNzcFpUWXBRRRABGhZWWXhNS3h1Q1MxWHVqUXBmamVPS25n,,Hace un mes,2020-03-23 12:14:04.866450,5.0,Jordi Jorddi,0,0,https://www.google.com/maps/contrib/112375171404118860341?hl=es-ES
ChZDSUhNMG9nS0VJQ0FnSUNzeGRpMkpREAEaFjRhRm0zcExoV2dmZzN5YWJMVkpvOWc,,Hace un mes,2020-03-23 12:14:04.866450,5.0,Borja Patrón,0,0,https://www.google.com/maps/contrib/101392295332430108511?hl=es-ES
ChdDSUhNMG9nS0VJQ0FnSUNzbnVUdjVBRRABGhZhUHBnS2MtYTNmMFRicGlZbWVvRDRB,,Hace un mes,2020-03-23 12:14:04.867450,2.0,Juan P. Rubio,52,0,https://www.google.com/maps/contrib/109806707340021534867?hl=es-ES
ChZDSUhNMG9nS0VJQ0FnSUNzenBqRk9nEAEaFnJtd2NiWnNWUkdibDdwZnBtNU1TdkE,,Hace un mes,2020-03-23 12:14:04.868445,4.0,Javier Dominguez,0,0,https://www.google.com/maps/contrib/104317287037005767079?hl=es-ES
ChZDSUhNMG9nS0VJQ0FnSUNzOXZEZWFBEAEaFk03Ul95TFYwQl9meHN6Tnpfc3V2eXc,,Hace un mes,2020-03-23 12:14:04.869445,5.0,Eva Garcia,3,0,https://www.google.com/maps/contrib/101397073446852045483?hl=es-ES
ChRDSUhNMG9nS0VJQ0FnSUNzeHI0aBABGhYzdVRRQWxjWVIzajlrMzJCajVSeTBR,"Simplemente increíble, hay un montón de cosas que ver y son impresionantes, el que entienda de historia disfruta seguro",Hace un mes,2020-03-23 12:14:04.870440,5.0,Jose Antonio,12,0,https://www.google.com/maps/contrib/116989489340239012834?hl=es-ES
ChdDSUhNMG9nS0VJQ0FnSUNzc3Z6THNnRRABGhZqdGp6dEQ1aXRIb2JJN25kOFRjWDdR,,Hace un mes,2020-03-23 12:14:04.871436,5.0,Gustavo Solera,1,0,https://www.google.com/maps/contrib/116162876316627172711?hl=es-ES
ChZDSUhNMG9nS0VJQ0FnSUNza3JHbENnEAEaFmxuUmtpdmVSampiV2tOODNfOGFKYkE,"(Traducido por Google) Un museo muy interesante, todo en excelentes condiciones, muchas exhibiciones interesantes y hechos sobre la historia de la región. Solo emociones positivas. La entrada es gratuita.  (Original) Очень интересный музей, все в прекрасном состоянии, множество интересных экспонатов и фактов об истории региона. Только положительные эмоции. Вход бесплатный.",Hace un mes,2020-03-23 12:14:04.872432,5.0,Zakhar Karpikov,24,0,https://www.google.com/maps/contrib/117387029752934175444?hl=es-ES
ChZDSUhNMG9nS0VJQ0FnSUNzM0puZ1N3EAEaFlpLZ1NUcFk5Z3Z6NUl0TzFWOVJITlE,(Traducido por Google) Excelente servicio a turistas. Todas las condiciones para ver están súper garantizadas Yo recomiendo  (Original) Excelente atendimento aos turistas. Todas as condições para ver são super asseguradas Recomendo,Hace un mes,2020-03-23 12:14:11.250440,4.0,Nuno David Martins,0,0,https://www.google.com/maps/contrib/106444594543326501021?hl=es-ES
ChdDSUhNMG9nS0VJQ0FnSUNzak1YcnJRRRABGhY4dlRmaGRscXJaYXFCWW5HVjBWTVFR,Interesante,Hace un mes,2020-03-23 12:14:11.251439,4.0,Virginia Del Valle,0,0,https://www.google.com/maps/contrib/112084625787568581402?hl=es-ES
ChZDSUhNMG9nS0VJQ0FnSUNzc09hZUZREAEaFkhjZk5jejNJS0Z5RWI0T0VtanJ3MXc,,Hace 2 meses,2020-03-23 12:14:11.252410,5.0,Dani Daniel,0,0,https://www.google.com/maps/contrib/102416553530505480581?hl=es-ES
ChZDSUhNMG9nS0VJQ0FnSUNzNElmN2V3EAEaFjZnemtSS0tPYm9WRGJCY1ZQSnJjdEE,Bellísimo.toda la historia de Badajoz.piezas y reliquias únicas.muy bueno,Hace 2 meses,2020-03-23 12:14:11.253432,5.0,Roberto Totah,0,0,https://www.google.com/maps/contrib/101702247981427842203?hl=es-ES
ChdDSUhNMG9nS0VJQ0FnSURNcjczQ3h3RRABGhZwQ013Q0tqOWc4SERpOGxJdHRUaDBn,Gracias por permitirnos conocer el museo!!!! Muy buena las explicaciones del audio como la excelente atención del personal!!! Un museo digno de verse!!!!,Hace 2 meses,2020-03-23 12:14:11.254406,5.0,Mirta Sur,0,0,https://www.google.com/maps/contrib/100610906848736175840?hl=es-ES
ChZDSUhNMG9nS0VJQ0FnSURNMTktN0dnEAEaFlRpa3RRTldFRVo0Z3l4Nk0wdlZHVVE,,Hace 2 meses,2020-03-23 12:14:11.254406,5.0,Miriam Carrasco,1,0,https://www.google.com/maps/contrib/104401449153807603221?hl=es-ES
ChZDSUhNMG9nS0VJQ0FnSURNcS1ldUZBEAEaFjFXV2VqVDVtTGFBS1BocWZUdFpGSVE,Muy instructivo,Hace 2 meses,2020-03-23 12:14:11.255429,5.0,jose andres martinez,66,0,https://www.google.com/maps/contrib/103283111133757220039?hl=es-ES
ChZDSUhNMG9nS0VJQ0FnSURNaTVyOGVREAEaFnZzWk5NcTVHOFBjWi1TbHd6S1BBRVE,,Hace 2 meses,2020-03-23 12:14:11.256400,5.0,Marian A,0,0,https://www.google.com/maps/contrib/115707689493725613901?hl=es-ES
ChZDSUhNMG9nS0VJQ0FnSURNaTREbExREAEaFjkzOFlJREZZTmFUOFJSM2dLTFVQMWc,,Hace 2 meses,2020-03-23 12:14:11.258395,5.0,Maria Rubio,0,0,https://www.google.com/maps/contrib/108652529217045664189?hl=es-ES
ChZDSUhNMG9nS0VJQ0FnSURNODVQZ1BREAEaFkpEYTJ4LUtrLWNUd0h6Wk1Nb1FjMnc,,Hace 2 meses,2020-03-23 12:14:11.259392,4.0,UNAI V.B.,0,0,https://www.google.com/maps/contrib/104897485809382336572?hl=es-ES
ChZDSUhNMG9nS0VJQ0FnSURNczRUbllBEAEaFmRVeTVGWkJWZ1RPcm1HMDZEQzVSNnc,,Hace 2 meses,2020-03-23 12:14:17.631881,5.0,Ignacio Sánchez,1,0,https://www.google.com/maps/contrib/106095246275589314840?hl=es-ES
ChZDSUhNMG9nS0VJQ0FnSURNay1TWEtBEAEaFm1vQWxSWkk1UjA5c1pKaTYydko5d2c,,Hace 2 meses,2020-03-23 12:14:17.632879,3.0,Diego R.,3,0,https://www.google.com/maps/contrib/103850022954090978153?hl=es-ES
ChZDSUhNMG9nS0VJQ0FnSURNMmNIOEhBEAEaFllQdHV0ZjB2ZFRHSU9kTVBjT2NaX1E,Merece una visita si entras en la alcazaba!!!,Hace 2 meses,2020-03-23 12:14:17.633876,5.0,Maria Gomez Gutierrez,0,0,https://www.google.com/maps/contrib/105358383836577418455?hl=es-ES
ChZDSUhNMG9nS0VJQ0FnSURNbVlQSmR3EAEaFlZ6bnZwQWRVZ1ZKUUt4M0Q4V2RZbkE,,Hace 2 meses,2020-03-23 12:14:17.634873,5.0,Araceli Porras,6,0,https://www.google.com/maps/contrib/118100748781696303867?hl=es-ES
ChdDSUhNMG9nS0VJQ0FnSURNdW9pOW1nRRABGhZ6bEJBTkVwb1h0aEFEeXY2UElfLVV3,,Hace 2 meses,2020-03-23 12:14:17.635871,5.0,QUIQUE NOGALES DOMINGUEZ,0,0,https://www.google.com/maps/contrib/107529266236750354362?hl=es-ES
ChZDSUhNMG9nS0VJQ0FnSURNcW91NGVBEAEaFnl2Zko5b1hScUVRSFJlbFpOT005UFE,,Hace 2 meses,2020-03-23 12:14:17.635871,4.0,Mario Caceres Rodriguez,4,0,https://www.google.com/maps/contrib/103728075511789896888?hl=es-ES
ChZDSUhNMG9nS0VJQ0FnSURNeXJYMGNnEAEaFmhldzlmU1ZRbTlDT094QjhwamhCaUE,,Hace 2 meses,2020-03-23 12:14:17.636868,5.0,Jose Antonio Hernandez Paisano,0,0,https://www.google.com/maps/contrib/111686012466532205078?hl=es-ES
ChdDSUhNMG9nS0VJQ0FnSURNa3B5Z3FnRRABGhZ0VkRFWWVva2FaTDhzZ1VaQlNDQVN3,,Hace 2 meses,2020-03-23 12:14:17.637865,5.0,Talat Khattatov,0,0,https://www.google.com/maps/contrib/106252101622203164734?hl=es-ES
ChdDSUhNMG9nS0VJQ0FnSURZbXJlTG13RRABGhZLakMtMDhwVGFEeDlYUVlKZG1KazJB,,Hace 3 meses,2020-03-23 12:14:17.638863,5.0,Marian Daltonik,0,0,https://www.google.com/maps/contrib/116958731692563254847?hl=es-ES
ChdDSUhNMG9nS0VJQ0FnSURNNEwzaXlBRRABGhZzOHBUVmNaQmk0YnJLSlR5VXpwQUtR,,Hace 3 meses,2020-03-23 12:14:17.639860,4.0,Marilo Hernandez,1,0,https://www.google.com/maps/contrib/100002264390072606789?hl=es-ES
ChdDSUhNMG9nS0VJQ0FnSUNNejhtaTFBRRABGhZUV0lfRzY5dkliejZ5ak9tMy05QUJ3,,Hace 3 meses,2020-03-23 12:14:24.560217,5.0,Jose Susi liebanas,19,0,https://www.google.com/maps/contrib/109048103498555086135?hl=es-ES
ChdDSUhNMG9nS0VJQ0FnSUNNcDlyeW9RRRABGhZ2cFE4NzFSYmQydm5Pa1RjczBVc0tB,"La entrada no tendría que ser gratuita, la gente lo respetaría más , lo digo por una familia con hijos pequeños que han entrado los niños solos  y se han subido a la tarima y tocando todo. La vigilante lo ha pasado muy mal . No me imagino  que hubiera pasado si se tiran un pilar encima.  Las estelas funerarias son muy curiosas. Soy amiga de los museos, me gusta disfrutarlos.",Hace 3 meses,2020-03-23 12:14:24.561215,4.0,Familia García y Timón,15,0,https://www.google.com/maps/contrib/100952417200833365165?hl=es-ES
ChdDSUhNMG9nS0VJQ0FnSUNNeDlPTzRRRRABGhZpWWVqVU9pbFBsQkItYzEycmxja2JR,,Hace 3 meses,2020-03-23 12:14:24.563209,4.0,Pedro Pérez,15,0,https://www.google.com/maps/contrib/102725020012112278966?hl=es-ES
ChdDSUhNMG9nS0VJQ0FnSUNNLTk2RWdRRRABGhZNemh6cTZlelM1YTFwblcyOG9sMkV3,Muy recomendable su visita.,Hace 3 meses,2020-03-23 12:14:24.564213,5.0,Luis Martín,15,0,https://www.google.com/maps/contrib/107604245483301118364?hl=es-ES
ChZDSUhNMG9nS0VJQ0FnSUNNdTRmb1B3EAEaFllTdlZuUVhLdURJTkdjcHlHaUtnZUE,Hay que repetir,Hace 3 meses,2020-03-23 12:14:24.566203,5.0,Tato Banito,0,0,https://www.google.com/maps/contrib/105497791557746959055?hl=es-ES
ChZDSUhNMG9nS0VJQ0FnSUNNNjZMZkVBEAEaFk9VdXNoWGhZeGwzYjdidlM0YjZGQ1E,,Hace 3 meses,2020-03-23 12:14:24.571188,5.0,Javier Herrero,5,0,https://www.google.com/maps/contrib/101322704238129965008?hl=es-ES
ChZDSUhNMG9nS0VJQ0FnSUNNNjZDNE13EAEaFkJCdGVnQzBleTJ3eDhxSFVfcVFCWmc,,Hace 3 meses,2020-03-23 12:14:24.582158,3.0,Fernando Hernandez Riesco,6,0,https://www.google.com/maps/contrib/116628953579081722454?hl=es-ES
ChRDSUhNMG9nS0VJQ0FnSUNNNWRnURABGhZ4MERFSnBUOFJQRVUtSHJqTW1Kc1JB,,Hace 3 meses,2020-03-23 12:14:24.584162,5.0,CHEMA lopez,2,0,https://www.google.com/maps/contrib/117667580200306205824?hl=es-ES
ChZDSUhNMG9nS0VJQ0FnSUNNNFotdWRnEAEaFnoweGotWENMcGNIaG5pYXh4RjVXUkE,,Hace 4 meses,2020-03-23 12:14:24.585151,4.0,David Nogal Dominguez,7,0,https://www.google.com/maps/contrib/114782748176809205022?hl=es-ES
ChdDSUhNMG9nS0VJQ0FnSUNNb2RyQW9BRRABGhZLdnAyMTAteTF5b05VVlNXYkxEb2h3,"(Traducido por Google) El museo es bastante pequeño con solo idioma español. Pero puedes descargar una versión en inglés. Es entrada gratuita, así que si tienes una hora para matar, puedes ir allí.  (Original) The museum is quite small with only spanish language. But you can download an english version.  It's free entrance so if you have an hour to kill you can go there.",Hace 4 meses,2020-03-23 12:14:24.587146,3.0,קרין נינבורג,0,0,https://www.google.com/maps/contrib/110223696760144938356?hl=es-ES
ChdDSUhNMG9nS0VJQ0FnSUNNdE8zS2tBRRABGhZEUkJrVDBWd2tUMHBUOTVRRHpZSVV3,,Hace 4 meses,2020-03-23 12:14:31.058369,4.0,Paco Duran,0,0,https://www.google.com/maps/contrib/100626913191927841238?hl=es-ES
ChdDSUhNMG9nS0VJQ0FnSUQwelp2UHNRRRABGhY5TWp2cjJxSjZsQ2NkS0NOWU5HbVFR,Muy buena atencion,Hace 4 meses,2020-03-23 12:14:31.059367,5.0,Ana Vila Merino,7,0,https://www.google.com/maps/contrib/101484891481124477805?hl=es-ES
ChZDSUhNMG9nS0VJQ0FnSUQwc2F5YURREAEaFklEcnYtSkMwTUV1WnlucmxnOEIwZ3c,"Encantador museo, muy bien presentado y muy didáctico.",Hace 4 meses,2020-03-23 12:14:31.060364,5.0,Adoración Perea Lagranja,0,0,https://www.google.com/maps/contrib/108516043574590050906?hl=es-ES
ChZDSUhNMG9nS0VJQ0FnSUQwNXNUSGVREAEaFjVTYlBYODZXX1Rac0NPT0RfZndyQUE,Por q si,Hace 4 meses,2020-03-23 12:14:31.061361,4.0,Antonia Boa Pluma,15,0,https://www.google.com/maps/contrib/111442982769358643687?hl=es-ES
ChdDSUhNMG9nS0VJQ0FnSUQwLW9IYmdBRRABGhZMMF9WdElic2x6R1FhY1V4ZTk1eF9B,,Hace 4 meses,2020-03-23 12:14:31.062359,5.0,Ricardo Claro,0,0,https://www.google.com/maps/contrib/117916138720298930615?hl=es-ES
ChdDSUhNMG9nS0VJQ0FnSUQwa3ZmSXV3RRABGhZwcjB5d2xqdEVROEFoTFkydWZidEtB,,Hace 4 meses,2020-03-23 12:14:31.064353,4.0,Angel Culebras,0,0,https://www.google.com/maps/contrib/110101930691622096438?hl=es-ES
ChZDSUhNMG9nS0VJQ0FnSUQwNHFlaEZBEAEaFjVjUUNyQi1zQXp6WEJJRS1HTzFscEE,(Traducido por Google) No muy accesible  (Original) Not very accessible,Hace 4 meses,2020-03-23 12:14:31.064353,3.0,Ana Grosso,28,0,https://www.google.com/maps/contrib/103464958279503349415?hl=es-ES
ChdDSUhNMG9nS0VJQ0FnSUQwNHRIbGtBRRABGhZxMFd2RXI5QU4xdXRCVnFEeWgwdUtR,(Traducido por Google) Muy bien. Situado dentro de la alcoba y entrada gratuita.  (Original) Muito bom. Situado dentro da alcacova e de entrada gratuita.,Hace 4 meses,2020-03-23 12:14:31.065351,5.0,Joao Semiao,0,0,https://www.google.com/maps/contrib/107538424453806585785?hl=es-ES
ChZDSUhNMG9nS0VJQ0FnSUQwdks2TVR3EAEaFjJVRGRyQUJwNVQyeUVvZnFXM0NFdWc,"Muy interesante, no es muy grande el museo pero tiene interesantes piezas sobre todo las de bronce, me ha llamado especial atención la laboriosidad con que fueron talladas. Me ha gustado bastante. Lo recomiendo. Si llevas unos cascos para el móvil puedes escuchar la audioguia a través de la red wifi del museo.",Hace 4 meses,2020-03-23 12:14:31.066348,4.0,Maribel Díaz González,0,0,https://www.google.com/maps/contrib/104170676628119754238?hl=es-ES
ChZDSUhNMG9nS0VJQ0FnSUQwcklfX0dnEAEaFnlwaGZHVVZXNGZzWkt4Q1VQRkZuMEE,,Hace 4 meses,2020-03-23 12:14:31.067345,5.0,Rui Mesquita,0,0,https://www.google.com/maps/contrib/112814068104008234798?hl=es-ES
ChZDSUhNMG9nS0VJQ0FnSUQwbExYSFFnEAEaFjI5dHlndHdwS3VKdHdUbU45Q2htTFE,Un muy bonito museo....,Hace 4 meses,2020-03-23 12:14:37.570682,5.0,Julio Rojo Eyaralar,0,0,https://www.google.com/maps/contrib/112046141419178810503?hl=es-ES
ChZDSUhNMG9nS0VJQ0FnSUQwLUtuNkNnEAEaFkxGb2h4UHA4eHk3RkVTdE85cUExcWc,,Hace 5 meses,2020-03-23 12:14:37.572678,5.0,Óscar Costa,0,0,https://www.google.com/maps/contrib/103469098309270339891?hl=es-ES
ChdDSUhNMG9nS0VJQ0FnSUQwLU15ZS1RRRABGhZnWnV5Y2RjV0JRRGxDVGh0aDRrN3V3,"Algo pequeño  y con pocos objetos para la cantidad de tesoros extremeños que hay. El resto bien, buenas atenciones, limpio y gratis.",Hace 5 meses,2020-03-23 12:14:37.573675,4.0,Pura Carrera Hache,0,0,https://www.google.com/maps/contrib/114599081710493267489?hl=es-ES
ChdDSUhNMG9nS0VJQ0FnSUQweUlIWjhnRRABGhZudFYxWXRLREI4dDhsMnZUREhrX01R,,Hace 5 meses,2020-03-23 12:14:37.574672,5.0,rosa galera oliva,4,0,https://www.google.com/maps/contrib/104902593701521956530?hl=es-ES
ChZDSUhNMG9nS0VJQ0FnSUQwa0tYX09nEAEaFkJVbVdsY0JER0dwMFAwbjMwaGNPWlE,,Hace 5 meses,2020-03-23 12:14:37.575670,4.0,Carmelo Garay Reyes,0,0,https://www.google.com/maps/contrib/110123858295063325589?hl=es-ES
ChdDSUhNMG9nS0VJQ0FnSUMwbC1yT2hRRRABGhZRdmhZd1cydXlBVlVRdUVqdmtrOE1n,,Hace 5 meses,2020-03-23 12:14:37.576667,3.0,Fo Javier Moreno Barrios,1,0,https://www.google.com/maps/contrib/101856327202956537680?hl=es-ES
ChZDSUhNMG9nS0VJQ0FnSUMwNTkzWktnEAEaFmNhZDZhWXR1a0J3WFdIRmxoTEZzWnc,,Hace 5 meses,2020-03-23 12:14:37.576667,5.0,Manuel Guardeño,4,0,https://www.google.com/maps/contrib/113668643629523649478?hl=es-ES
ChZDSUhNMG9nS0VJQ0FnSUMwNTk2S0VnEAEaFjNtNGI0TVRCWUZMREt6dmN1ZnZ2cFE,(Traducido por Google) Bonito museo y gratis  (Original) Mooi museum en gratis,Hace 5 meses,2020-03-23 12:14:37.577664,5.0,Marleen Westerlinck,121,0,https://www.google.com/maps/contrib/102320748859322849187?hl=es-ES
ChZDSUhNMG9nS0VJQ0FnSUMwazU2eEVBEAEaFjNZQlBOcEdDZnBoMERUQkFVb2Z4SUE,,Hace 5 meses,2020-03-23 12:14:37.578662,5.0,Carla Marques,0,0,https://www.google.com/maps/contrib/111127335660570299611?hl=es-ES
ChZDSUhNMG9nS0VJQ0FnSUMwdzV6WmV3EAEaFnJDRk0xYmp4N0phWEJXUGhXbEFKZVE,(Traducido por Google) Muy bonita visita histórica del lugar.  (Original) Très belle visite historique du lieu .,Hace 5 meses,2020-03-23 12:14:37.579659,5.0,Gerard Salaun,0,0,https://www.google.com/maps/contrib/118082023219971629579?hl=es-ES
ChZDSUhNMG9nS0VJQ0FnSUMwN2FDaWZ3EAEaFm1hRXdxZmxXcV9hZ3BJNXFPUjBYalE,,Hace 5 meses,2020-03-23 12:14:44.176440,4.0,mcarmen mtoscano,0,0,https://www.google.com/maps/contrib/117828241953073641653?hl=es-ES
ChdDSUhNMG9nS0VJQ0FnSUMwcmJ1ZTlBRRABGhZ1Yk5Wa29zcEpxS3Z3ZmMxeFowLU1n,,Hace 5 meses,2020-03-23 12:14:44.177437,5.0,José Mª Palacios,133,0,https://www.google.com/maps/contrib/101773482046893113826?hl=es-ES
ChdDSUhNMG9nS0VJQ0FnSUMwelpfcTRnRRABGhZVeFpQQ3JxaDRUeW9aQllqelZ5ODBn,,Hace 5 meses,2020-03-23 12:14:44.178435,5.0,Alfredo Solis mayoral,0,0,https://www.google.com/maps/contrib/102953008430501493614?hl=es-ES
ChdDSUhNMG9nS0VJQ0FnSUMwemFlcHpBRRABGhZYMlk2T1dnS01GVmlzMkdyZkY5STB3,Un viaje por el pasado muy bonito.,Hace 5 meses,2020-03-23 12:14:44.179432,5.0,Manuel Miguel Malia Cordon,6,0,https://www.google.com/maps/contrib/113573912800321568288?hl=es-ES
ChZDSUhNMG9nS0VJQ0FnSUMwNlpIX1JnEAEaFm16MDNOc1dQczVWTkU4TmlyalI0R1E,Pequeño y buena información,Hace 5 meses,2020-03-23 12:14:44.179432,4.0,Eulogio Saavedra,161,0,https://www.google.com/maps/contrib/101122876816694081505?hl=es-ES
ChdDSUhNMG9nS0VJQ0FnSURVaWJlY3NBRRABGhZjRXhUNDFkSnVKOU10RDcySlh0anJn,(Traducido por Google) Buen museo bien estructurado. Espacio bien utilizado y muy agradable. Muy buena ubicacion. Dispone de parking gratuito. La entrada al museo también es gratuita.  (Original) Bom museu bem estruturado. Espaço bem aproveitado e muito agradável. Localização muito boa. Tem estacionamento  gratuito. A entrada no museu também é gratuita.,Hace 5 meses,2020-03-23 12:14:44.180430,5.0,Maria mexia,0,0,https://www.google.com/maps/contrib/116723704194296210971?hl=es-ES
ChdDSUhNMG9nS0VJQ0FnSUMwNGRYQnZRRRABGhY5N2FrS0U1MkpqXzhKRVFkckpDVXZ3,,Hace 5 meses,2020-03-23 12:14:44.181426,4.0,Fábio Trovão,0,0,https://www.google.com/maps/contrib/111433110243187776109?hl=es-ES
ChZDSUhNMG9nS0VJQ0FnSUMwNGM2bVR3EAEaFm9EbFJSYUcyZGZjTDV4T2JPUFJ3ZEE,,Hace 5 meses,2020-03-23 12:14:44.182424,5.0,Kennereth Mon,4,0,https://www.google.com/maps/contrib/116179528408353831924?hl=es-ES
ChZDSUhNMG9nS0VJQ0FnSUMwb2JxYlF3EAEaFi11Y2lyNEtqcWhvaVZ6ZjhQdmZiUFE,,Hace 5 meses,2020-03-23 12:14:44.183421,5.0,Francisco Soriano,2,0,https://www.google.com/maps/contrib/106986200482803150642?hl=es-ES
ChdDSUhNMG9nS0VJQ0FnSUMwd2ZmcHRnRRABGhZBUmN5N1htTFQ1NFJxbF9ZUGJXN2JB,,Hace 5 meses,2020-03-23 12:14:44.184419,5.0,Jose pons mus,9,0,https://www.google.com/maps/contrib/117805681921878706912?hl=es-ES
ChZDSUhNMG9nS0VJQ0FnSUMwOXBXUk5nEAEaFkpBQk9tcXdfZDd1MG1aN0VUNTdmRlE,,Hace 5 meses,2020-03-23 12:14:50.750941,5.0,Alfonso Calvo,5,0,https://www.google.com/maps/contrib/108575835219521308169?hl=es-ES
ChZDSUhNMG9nS0VJQ0FnSUMwdHIzV0Z3EAEaFkF5cjU4aC1OVEZ5MnlCQmZMUjdPa1E,,Hace 5 meses,2020-03-23 12:14:50.751938,5.0,maria victoria sánchez olaya,0,0,https://www.google.com/maps/contrib/114756034668219104342?hl=es-ES
ChZDSUhNMG9nS0VJQ0FnSUMweG9YNGZ3EAEaFmZ4UXlYeklncDRIV2FHMVNqVHdkenc,,Hace 5 meses,2020-03-23 12:14:50.752937,5.0,emilio saez molina,3,0,https://www.google.com/maps/contrib/115611600904811580355?hl=es-ES
ChZDSUhNMG9nS0VJQ0FnSUMwcXFmeUtREAEaFlVfbXBUcGJGTlFLc1kxckFsZHAzMXc,Buena colección de restos de la historia de Badajoz y alrededores,Hace 6 meses,2020-03-23 12:14:50.753934,4.0,Maria Ramos Sansinena,0,0,https://www.google.com/maps/contrib/103969754830749495414?hl=es-ES
ChZDSUhNMG9nS0VJQ0FnSUMwZ3VYNVVnEAEaFk1WemFvTWlmblFhUDRZUDVDbjREeFE,,Hace 6 meses,2020-03-23 12:14:50.754931,5.0,Criss V.,0,0,https://www.google.com/maps/contrib/117597492106887356252?hl=es-ES
ChdDSUhNMG9nS0VJQ0FnSUMwdUtHVTJ3RRABGhZBSUN1N2phNVRlWWt0bE9NZEIwdDF3,Es mágico!,Hace 6 meses,2020-03-23 12:14:50.755928,5.0,Lupe Muela,4,0,https://www.google.com/maps/contrib/100812421701726085227?hl=es-ES
ChZDSUhNMG9nS0VJQ0FnSUMwOE5lZlVnEAEaFk9LQnNJN25QRmo5ci03emVHdl92aWc,Me encantó la visita,Hace 6 meses,2020-03-23 12:14:50.756925,5.0,Martina fernandez apolo,0,0,https://www.google.com/maps/contrib/117935575981964631863?hl=es-ES
ChdDSUhNMG9nS0VJQ0FnSUMwOEtxVzV3RRABGhZ3Z09JR1BtbUYxWVVOMHgtcHVHcmNn,Esta muy bien el museo.,Hace 6 meses,2020-03-23 12:14:50.757923,4.0,Montserrat Cortes Rodriguez,0,0,https://www.google.com/maps/contrib/114127181955040568221?hl=es-ES
ChdDSUhNMG9nS0VJQ0FnSUMwMExpcWtnRRABGhZJa3JXckI5S3Y2TEp2OWNQUS12VUtn,Nos gustó mucho,Hace 6 meses,2020-03-23 12:14:50.758920,5.0,Daniel García García,4,0,https://www.google.com/maps/contrib/110499392216060502454?hl=es-ES
ChZDSUhNMG9nS0VJQ0FnSUMwZ0pteGJBEAEaFm5mNG8xb2p3RDlRNWg0TU44Q29hU1E,Espectacular,Hace 6 meses,2020-03-23 12:14:50.759917,5.0,almudena teran,0,0,https://www.google.com/maps/contrib/111980650686161082213?hl=es-ES
ChdDSUhNMG9nS0VJQ0FnSURVdjhuNWh3RRABGhZhX0w2ckNHRU96UDVRU1dvdlRxSWJn,Entrada al Museo Arqueológico de Badajoz.  Muy bonito y valioso.,Hace 6 meses,2020-03-23 12:14:57.475562,5.0,Marido ParaTodo,0,0,https://www.google.com/maps/contrib/112358616471097749241?hl=es-ES
ChdDSUhNMG9nS0VJQ0FnSURVajVYNmhBRRABGhZobWVtUnBjYjNzd2tORVJpQ0ZjSTlB,Muy bien organizado y un edificio precioso,Hace 6 meses,2020-03-23 12:14:57.476536,5.0,Mariano Martinez Petit,8,0,https://www.google.com/maps/contrib/108774019718262765025?hl=es-ES
ChZDSUhNMG9nS0VJQ0FnSURVajdta2VnEAEaFkJueFpLcHJMN2ZJMUw5MnE2Wmx0Vnc,"Chiquitito.....pero lo suficientemente didáctico como mostrar y hacer que no caiga en el olvido todas las culturas y pobladores que ha tenido Badajoz y sus alrededores. Curioso de ver, no se hace pesado y además la entrada es gratuita.",Hace 6 meses,2020-03-23 12:14:57.477557,4.0,OSCAR REDONDO,0,0,https://www.google.com/maps/contrib/118442159787328712303?hl=es-ES
ChZDSUhNMG9nS0VJQ0FnSURVdzVuLUd3EAEaFkYtOWszdjg0bm4zbDJLSW1aYWtCX0E,,Hace 6 meses,2020-03-23 12:14:57.478555,5.0,elena casas canales,0,0,https://www.google.com/maps/contrib/105841347614665703565?hl=es-ES
ChZDSUhNMG9nS0VJQ0FnSURVZy11WUR3EAEaFjJmZUhUeV9XYzV1Y0ZaSWZ2NHdhWFE,(Traducido por Google) Es divertido ...  (Original) É engraçado...,Hace 6 meses,2020-03-23 12:14:57.478555,3.0,Carlos João,0,0,https://www.google.com/maps/contrib/109087873191070007260?hl=es-ES
ChZDSUhNMG9nS0VJQ0FnSURVdGV6QlVREAEaFlVlUW1TSlJSeFpUZjVXNkZ3T28yd0E,,Hace 6 meses,2020-03-23 12:14:57.479556,5.0,Debora Santos,0,0,https://www.google.com/maps/contrib/114004231119862951514?hl=es-ES
ChZDSUhNMG9nS0VJQ0FnSURVNVo2LUNBEAEaFkU3VElfb2YtRzl4ZWQwVGFwWXBxbGc,,Hace 6 meses,2020-03-23 12:14:57.480549,5.0,MELCHOR MADRID PINILLA,0,0,https://www.google.com/maps/contrib/100247973817918416510?hl=es-ES
ChdDSUhNMG9nS0VJQ0FnSURVaGVYcnR3RRABGhYxZXNILVJ4S3RpODFfT1VBVElpc1RR,Entorno precioso.  Lugares estupendos para comer.  Y un lugar perfecto para ir con la familia,Hace 6 meses,2020-03-23 12:14:57.481546,5.0,r ma,0,0,https://www.google.com/maps/contrib/103761800870493873201?hl=es-ES
ChZDSUhNMG9nS0VJQ0FnSURVdnF2NE1REAEaFlVERDhqMmpIUWl2Q25zdnVRSFVFTXc,,Hace 6 meses,2020-03-23 12:14:57.482543,3.0,Jose Marona,3,0,https://www.google.com/maps/contrib/107073476548275041426?hl=es-ES
ChdDSUhNMG9nS0VJQ0FnSURVcnZpeHZBRRABGhZaM2dXVFl3TFQ3eGs0YVR2WXVuM3J3,,Hace 6 meses,2020-03-23 12:14:57.483540,5.0,Oscar Almeida,0,0,https://www.google.com/maps/contrib/118307377934587217388?hl=es-ES
ChdDSUhNMG9nS0VJQ0FnSURVam9XY2hnRRABGhZKbDJvcjJMR1B1SFFhYk1tVTJSZ1pB,,Hace 6 meses,2020-03-23 12:15:04.655204,5.0,Flávio Marques,1,0,https://www.google.com/maps/contrib/112076736684994849541?hl=es-ES
ChdDSUhNMG9nS0VJQ0FnSURVMnN6bGdnRRABGhZmZnNCMWJlOXNwRm44d1J3YW9vZ2R3,,Hace 7 meses,2020-03-23 12:15:04.656201,4.0,Ana Luna,0,0,https://www.google.com/maps/contrib/113564669267535038027?hl=es-ES
ChZDSUhNMG9nS0VJQ0FnSURVaXFUdVh3EAEaFmd5UE83Z1RXNHd4YzNBeFdBcmNVYVE,,Hace 7 meses,2020-03-23 12:15:04.657198,5.0,Jonathan Torres peco,0,0,https://www.google.com/maps/contrib/101577199139530601464?hl=es-ES
ChZDSUhNMG9nS0VJQ0FnSURVOHQtX2J3EAEaFnpBcWl6TlFnQnNwUDRmeEtRNnR3Snc,Muchos recuerdos,Hace 7 meses,2020-03-23 12:15:04.658195,5.0,JUAN ANTONIO TABERO,22,0,https://www.google.com/maps/contrib/109973093760400088593?hl=es-ES
ChdDSUhNMG9nS0VJQ0FnSURVNHYzZ3VBRRABGhZhNURwd3g3TjJSbGQtZWtMNnhGaFF3,,Hace 7 meses,2020-03-23 12:15:04.659192,4.0,Sara Magri,0,0,https://www.google.com/maps/contrib/103814174931519148551?hl=es-ES
ChdDSUhNMG9nS0VJQ0FnSURVNHNIR29BRRABGhZqZWIwNF82NDltM0hnUlRwOHZRWHpB,Muy interesante,Hace 7 meses,2020-03-23 12:15:04.660189,4.0,Carlos Contreras Gonzalez,8,0,https://www.google.com/maps/contrib/103846589016413108563?hl=es-ES
ChZDSUhNMG9nS0VJQ0FnSURVdlBiZVdBEAEaFllYblNaVDhnVUE4VWlldU0ybWgxSnc,,Hace 7 meses,2020-03-23 12:15:04.661187,5.0,Manuel Linde,0,0,https://www.google.com/maps/contrib/111704580624510258625?hl=es-ES
ChdDSUhNMG9nS0VJQ0FnSURVdk56RThBRRABGhZKeG5IRnpMZHg2N2xNbHdPam1oYkJB,"Sencillo, acogedor y con audioguía para los que lo necesiten.",Hace 7 meses,2020-03-23 12:15:04.662184,5.0,Fran Sánchez,0,0,https://www.google.com/maps/contrib/110412225710886763718?hl=es-ES
ChdDSUhNMG9nS0VJQ0FnSURVelBINzdBRRABGhZuV1BDZDEzRmRJOVNzUXJybTFWUlNn,Increible.,Hace 7 meses,2020-03-23 12:15:04.662184,5.0,Jose Antonio Martinez Gonzalez,10,0,https://www.google.com/maps/contrib/117040845741696248450?hl=es-ES
ChdDSUhNMG9nS0VJQ0FnSURVMUpuZWtnRRABGhZ2d1Y2TFJfcTU5YVVCcEFtUDFfRTFB,Bien organizado e interesante. Con el calor que hace en Badajoz sería necesario aclimatarlo.,Hace 7 meses,2020-03-23 12:15:04.663181,3.0,Jesús Aranda Aranda,0,0,https://www.google.com/maps/contrib/112465557680508012490?hl=es-ES
ChdDSUhNMG9nS0VJQ0FnSURVMVBqODlnRRABGhZDeFR1eXI3RlJJdGNiZHh3VVMwZ0FB,,Hace 7 meses,2020-03-23 12:15:11.601165,4.0,cesar vadillo sansinena,0,0,https://www.google.com/maps/contrib/103072151369594212831?hl=es-ES
ChZDSUhNMG9nS0VJQ0FnSURVcExlb0NnEAEaFi1Sa3d0S25IMmtacHl6LWwzQmZKWUE,Buena exposición,Hace 7 meses,2020-03-23 12:15:11.602181,5.0,Ivan Georgiev,0,0,https://www.google.com/maps/contrib/111588064734733849320?hl=es-ES
ChZDSUhNMG9nS0VJQ0FnSURVeE1MOFVREAEaFjJBbVJ4WWVlaEQ3cU1vT2FYSVZNN0E,,Hace 7 meses,2020-03-23 12:15:11.603178,3.0,Erika Robles,3,0,https://www.google.com/maps/contrib/109399846588234854525?hl=es-ES
ChZDSUhNMG9nS0VJQ0FnSURVeFB6bkNREAEaFmpjc0ZNYUJYa1pxX01Sb25qYXBmLVE,Muy chulo e interesante,Hace 7 meses,2020-03-23 12:15:11.603178,5.0,Jordi Perpiña Bautiasta,1,0,https://www.google.com/maps/contrib/102320168330859306627?hl=es-ES
ChdDSUhNMG9nS0VJQ0FnSURVeFBqcjlBRRABGhZCR3Fqc0NfeVpNTE1tcUNfVXFIWFBB,,Hace 7 meses,2020-03-23 12:15:11.604175,4.0,Ruben G60,0,0,https://www.google.com/maps/contrib/107973587741704950335?hl=es-ES
ChZDSUhNMG9nS0VJQ0FnSURVMlBpalRREAEaFll5ZnZjUW1VTHNsNHI4VTZsMVhkR0E,"Flojo para ser el provincial. Gente atenta. El edificio nada accesible, para tratarse de un edificio público deja mucho que deseae",Hace 7 meses,2020-03-23 12:15:11.605174,2.0,Alejandro Garrido,0,0,https://www.google.com/maps/contrib/101241103358799922418?hl=es-ES
ChdDSUhNMG9nS0VJQ0FnSURVME9fdnRRRRABGhZJUW9BM3VtSFRrZC1uZDJzeDcwSmNB,Si eres de Badajoz y te gusta tu ciudad tienes no puedes dejar de  pasar y ver su historia,Hace 7 meses,2020-03-23 12:15:11.606172,5.0,Isabel Rangel,0,0,https://www.google.com/maps/contrib/113699379775304356223?hl=es-ES
ChZDSUhNMG9nS0VJQ0FnSURVME5fNE1nEAEaFm5HWDRoVzFmY0dWRFZZcERVUWdMUXc,,Hace 7 meses,2020-03-23 12:15:11.607168,5.0,Ángel Carbajo López,5,0,https://www.google.com/maps/contrib/104741458548241014410?hl=es-ES
ChdDSUhNMG9nS0VJQ0FnSURVZ0pTOWd3RRABGhZVTFQzNjZsaS1qWExENXEySVhBSTRR,,Hace 7 meses,2020-03-23 12:15:11.608165,5.0,Sónia Ferreira,0,0,https://www.google.com/maps/contrib/113412184739693881516?hl=es-ES
ChZDSUhNMG9nS0VJQ0FnSUNVN19mZ1NBEAEaFmR1SmZoUDlzUnE3S1pUckhzVXV5SHc,,Hace 7 meses,2020-03-23 12:15:11.609163,1.0,David Manuel,1,0,https://www.google.com/maps/contrib/111716732323924324289?hl=es-ES
ChdDSUhNMG9nS0VJQ0FnSUNVbDh1MG1nRRABGhZSMEh0RkR0R3dmTmIzMXRQOER0Q25B,,Hace 7 meses,2020-03-23 12:15:18.334807,4.0,Viuda,0,0,https://www.google.com/maps/contrib/103841268340197916719?hl=es-ES
ChZDSUhNMG9nS0VJQ0FnSUNVNTQ2d2RnEAEaFk1oRTlfcFU0bmZzUkliUGJEZ0tjNmc,,Hace 7 meses,2020-03-23 12:15:18.335805,4.0,Raquel García,0,0,https://www.google.com/maps/contrib/112537464013989649267?hl=es-ES
ChdDSUhNMG9nS0VJQ0FnSUNVcDRMOXp3RRABGhZtcjJLNHBXVjVQdUtmX2xEWW5NM3B3,,Hace 7 meses,2020-03-23 12:15:18.337799,4.0,Chari Pillado Fernandez,3,0,https://www.google.com/maps/contrib/100709925427109416029?hl=es-ES
ChZDSUhNMG9nS0VJQ0FnSUNVazhYYlh3EAEaFjg1YWZOY0pObVFYV2dhVU9XOTNmYXc,Es pequeño y se visita rápido.,Hace 7 meses,2020-03-23 12:15:18.338796,4.0,MYRIAM GARCIA IGLESIAS,8,0,https://www.google.com/maps/contrib/108309861377680010268?hl=es-ES
ChZDSUhNMG9nS0VJQ0FnSUNVX2RpcVRREAEaFmJHc0ZCZDU1VHpfdFpQZ1dkU3luQVE,,Hace 7 meses,2020-03-23 12:15:18.339794,4.0,Gold Sapidity,0,0,https://www.google.com/maps/contrib/107279390481025586739?hl=es-ES
ChZDSUhNMG9nS0VJQ0FnSUNVX1lqekZBEAEaFlladnpzVVZMSmRoN0hPTGtxSXktVHc,,Hace 7 meses,2020-03-23 12:15:18.340791,5.0,Ma Jose Perez Vilches,1,0,https://www.google.com/maps/contrib/110108558324244904537?hl=es-ES
ChZDSUhNMG9nS0VJQ0FnSUNVbmJmQlFBEAEaFlRHcFJxR0lVdlNpWGdsdlJyRjZNVnc,,Hace 7 meses,2020-03-23 12:15:18.341789,5.0,Jose Ignacio Loeches Cosiales,3,0,https://www.google.com/maps/contrib/111942213795519699786?hl=es-ES
ChdDSUhNMG9nS0VJQ0FnSUNVN3JLYmtBRRABGhYwaGJwdTd4QlVlVjRWdlRHcjhfYnB3,,Hace 7 meses,2020-03-23 12:15:18.342786,4.0,Raquel Ruiz García,7,0,https://www.google.com/maps/contrib/107530232055807080786?hl=es-ES
ChdDSUhNMG9nS0VJQ0FnSUNVOXNhWjRBRRABGhZKMTJXczVkTUlFb18wZ1Q3U3VjNlpn,"Me parece excepcional poder ver restos de grandes civilizaciones de manera gratuita. Además, después fuera se puede recorrer la Alcazaba. Espléndido. Eso sí, cremita de sol, agua y gorra.",Hace 7 meses,2020-03-23 12:15:18.342786,5.0,Azucena Hernández,17,0,https://www.google.com/maps/contrib/111860702611008249486?hl=es-ES
ChdDSUhNMG9nS0VJQ0FnSUNVMHBycmp3RRABGhZXOTQtRFRkUTZaeUxDLUpoWXFiTlR3,,Hace 8 meses,2020-03-23 12:15:18.343783,4.0,Ma Elena Gallardo,0,0,https://www.google.com/maps/contrib/110539257827704826075?hl=es-ES
ChdDSUhNMG9nS0VJQ0FnSUNVZ3FHSDR3RRABGhZobWpydkFueTM2aHRRZ0ZraTd2WU1R,,Hace 8 meses,2020-03-23 12:15:25.142353,5.0,Rafael Sánchez,3,0,https://www.google.com/maps/contrib/111112913221453620411?hl=es-ES
ChZDSUhNMG9nS0VJQ0FnSUNVNUxIS0RBEAEaFjVMMTA0OWxpVEtURjdHNWRHdmN5WVE,,Hace 8 meses,2020-03-23 12:15:25.143352,5.0,Miguel Angel Brandao Ramos,0,0,https://www.google.com/maps/contrib/116221469419560997329?hl=es-ES
ChZDSUhNMG9nS0VJQ0FnSURrX19ETVh3EAEaFmtMWVdWMHhhRHRvQ09HRWo5a0NsaVE,Un sitio muy interesante. A destacar sobre todo su amable personal.,Hace 8 meses,2020-03-23 12:15:25.144348,5.0,Sergio Clemente Baltasar,0,0,https://www.google.com/maps/contrib/116468855693689232345?hl=es-ES
ChdDSUhNMG9nS0VJQ0FnSURrODRqa3h3RRABGhZMa2VSV252Y09sNzJKX2FrQnk0dGpR,,Hace 8 meses,2020-03-23 12:15:25.145345,5.0,Ricardo Venera Martínez,12,0,https://www.google.com/maps/contrib/118409646626886890871?hl=es-ES
ChdDSUhNMG9nS0VJQ0FnSURrb19tQXdBRRABGhZVZmp1SDFseVBCVlc3TzdSWTRtOWZ3,,Hace 8 meses,2020-03-23 12:15:25.146344,5.0,Un usuario de Google,0,0,https://www.google.com/maps/contrib/114157571374764315110?hl=es-ES
ChdDSUhNMG9nS0VJQ0FnSURrdmJxbXRRRRABGhZNQ1NVa05vZHFLbUZGSTVob1hxQ1lB,Excelente colección de estelas.,Hace 8 meses,2020-03-23 12:15:25.146344,5.0,Ricardo Romero Rodriguez,4,0,https://www.google.com/maps/contrib/117712630223810435773?hl=es-ES
ChZDSUhNMG9nS0VJQ0FnSURrcmRhQU1nEAEaFm9LSkRNTFpFcC1YZHBuUHo2NFphUkE,,Hace 8 meses,2020-03-23 12:15:25.147340,4.0,dulce pereira,2,0,https://www.google.com/maps/contrib/103253568354134670507?hl=es-ES
ChZDSUhNMG9nS0VJQ0FnSURrNWNHQ1ZnEAEaFlUzN1VLMlB5M2ttcHpUVW9HTGxob2c,,Hace 8 meses,2020-03-23 12:15:25.148340,4.0,Alex Lendines,0,0,https://www.google.com/maps/contrib/102495310214305546340?hl=es-ES
ChRDSUhNMG9nS0VJQ0FnSURrOExoSRABGhZhU00xVFBKb3N6ZExYSFlWSm8tZFlB,Falta más rehabilitación del resto del recinto amurallao,Hace 9 meses,2020-03-23 12:15:25.150333,4.0,Diego Ortiz,0,0,https://www.google.com/maps/contrib/105782016947456433864?hl=es-ES
ChZDSUhNMG9nS0VJQ0FnSUNreGFlSk1nEAEaFkJQWkdrUDlYX1gtUUo4WGY1WlZiZ3c,,Hace 9 meses,2020-03-23 12:15:25.151330,5.0,Andrés Mellado,0,0,https://www.google.com/maps/contrib/112813005777585404440?hl=es-ES
ChZDSUhNMG9nS0VJQ0FnSUNreVp6cVJ3EAEaFnJfOUlPWUZJRDRjdWl0VnJZbmY2NlE,,Hace 9 meses,2020-03-23 12:15:32.010376,5.0,Jose Barrios,2,0,https://www.google.com/maps/contrib/106048375741339261645?hl=es-ES
ChZDSUhNMG9nS0VJQ0FnSURFdlBHeFdnEAEaFko4TE1IT0luc19udy1xSGFPQlJzSlE,"Porque alberga objetos muy curiosos y de gran valor histórico. No esperábamos tanto, y encima es gratuito.",Hace 9 meses,2020-03-23 12:15:32.010376,5.0,maria rosa sabater valls,13,0,https://www.google.com/maps/contrib/115248248793881637192?hl=es-ES
ChZDSUhNMG9nS0VJQ0FnSUNFMUttZFpnEAEaFnhGaVhLeHVtTVlNWUJlNUh4YzR0SGc,,Hace 9 meses,2020-03-23 12:15:32.011373,5.0,Marta Morillo,10,0,https://www.google.com/maps/contrib/113867223215952104331?hl=es-ES
ChZDSUhNMG9nS0VJQ0FnSUQ0LUs3blFREAEaFkRBX2lhZ1FBUlI1bmxBMU0zQTB3Qmc,,Hace 9 meses,2020-03-23 12:15:32.012370,5.0,Manuela Gonzalvez Sanchez,0,0,https://www.google.com/maps/contrib/116114105600971135582?hl=es-ES
ChZDSUhNMG9nS0VJQ0FnSUQ0a0xYV1h3EAEaFmFUTkNQTExIMzdwMWVTQWo5R0QtaVE,,Hace 9 meses,2020-03-23 12:15:32.013367,4.0,António Paz,10,0,https://www.google.com/maps/contrib/102048221615851731452?hl=es-ES
ChdDSUhNMG9nS0VJQ0FnSUM0MDhybjRRRRABGhZ5S090QXNCR2Q0WU1HU1FyUk5aWEJR,(Traducido por Google) Este museo se encuentra en Badajoz y se encuentra en la Alcazaba. Vale la pena una visita  (Original) Este Museu situa-se em Badajoz e fica no Alcazaba. Vale a pena visitar,Hace 9 meses,2020-03-23 12:15:32.014369,4.0,GO4WALK TOUR-SENIOR,0,0,https://www.google.com/maps/contrib/112638088493351219235?hl=es-ES
ChdDSUhNMG9nS0VJQ0FnSUM0bzd5cDdRRRABGhZGaGpVeUFvYnNmb3BRVTFwZm5oSDRR,Trato muy acogedor por parte del personal,Hace 9 meses,2020-03-23 12:15:32.015362,4.0,Fatima ZB,0,0,https://www.google.com/maps/contrib/106771015075265338782?hl=es-ES
ChZDSUhNMG9nS0VJQ0FnSUM0bWNHeGFREAEaFnZGSzczMkZGRThiWFowRWZnYkJtanc,Muy interesante.,Hace 9 meses,2020-03-23 12:15:32.016359,5.0,Lucrecia Pizarro Castro,0,0,https://www.google.com/maps/contrib/107005072668049575221?hl=es-ES
ChZDSUhNMG9nS0VJQ0FnSUM0c2ZpUkpREAEaFkdjZGxrR00taTNFeU9JcjBwZXFNRXc,,Hace 9 meses,2020-03-23 12:15:32.017357,3.0,Juliano M,0,0,https://www.google.com/maps/contrib/118320939679844094576?hl=es-ES
ChdDSUhNMG9nS0VJQ0FnSUM0cHRlbWdBRRABGhY4SDhPMTBTVVJETmdUVzRpZlJkOU5n,,Hace 9 meses,2020-03-23 12:15:32.017357,5.0,Andreia valente,0,0,https://www.google.com/maps/contrib/101829222222582066431?hl=es-ES
ChdDSUhNMG9nS0VJQ0FnSUM0akoydXd3RRABGhZ2VnhHV0pkV2picDZxMTJpUHNYZTFB,Es probable q repita y llevé gente,Hace 9 meses,2020-03-23 12:15:38.832872,5.0,Angel Caro barroso,0,0,https://www.google.com/maps/contrib/115066556055336575688?hl=es-ES
ChdDSUhNMG9nS0VJQ0FnSUM0aEliaXZ3RRABGhZzcmpmS0lncmFmLUJQU1hPV1BhOEV3,,Hace 9 meses,2020-03-23 12:15:38.833869,5.0,Olga Gurski,0,0,https://www.google.com/maps/contrib/115239461605197457950?hl=es-ES
ChZDSUhNMG9nS0VJQ0FnSUM0cUppdlRREAEaFlVMVmF5dlBlcndZN1IzbHFSaHJTSUE,,Hace 9 meses,2020-03-23 12:15:38.834867,5.0,monica Ilesa,3,0,https://www.google.com/maps/contrib/106147796617234176606?hl=es-ES
ChdDSUhNMG9nS0VJQ0FnSURZMTRDbl93RRABGhZjaE5BbF90T0RSbXFxRk16c2pyZzJB,,Hace 9 meses,2020-03-23 12:15:38.834867,5.0,DeeGeee,11,0,https://www.google.com/maps/contrib/102064994763307282306?hl=es-ES
ChdDSUhNMG9nS0VJQ0FnSURZNTVhZ3J3RRABGhZ2azFtcHZfemFJRUJ4aWVUR3lwM3ln,,Hace 9 meses,2020-03-23 12:15:38.835864,4.0,Web editor,11,0,https://www.google.com/maps/contrib/116186526281179329394?hl=es-ES
ChdDSUhNMG9nS0VJQ0FnSURZcDV6N3p3RRABGhZEajBueE5USURYYUlkblBTYjc0MlBn,La exposición muy clara y el edificio impresionante. Muy recomendable.,Hace 9 meses,2020-03-23 12:15:38.836861,5.0,Jesus Ortega Guillen,55,0,https://www.google.com/maps/contrib/101045162757751273563?hl=es-ES
ChZDSUhNMG9nS0VJQ0FnSURZLThMTmJREAEaFnRERG9MY29rOHpWel96R3UxVHlRLVE,"(Traducido por Google) Gratis, pequeño, fácil de ver.  (Original) Gratuíto, pequeño, facil de ver.",Hace 9 meses,2020-03-23 12:15:38.837859,3.0,Diego VF,0,0,https://www.google.com/maps/contrib/112156418375500073556?hl=es-ES
ChZDSUhNMG9nS0VJQ0FnSURZdzRPT1h3EAEaFjUzRmJycHR3eFFpeXEzVFpzLS16VGc,,Hace 10 meses,2020-03-23 12:15:38.838856,5.0,lola bautista,6,0,https://www.google.com/maps/contrib/100014911245349217795?hl=es-ES
ChdDSUhNMG9nS0VJQ0FnSURZcmZXeDBnRRABGhZEeWVQQk9PTEJ1VjdlOHVaSG0zcEZR,Hacia mucho tiempo que no lo visitaba y ha mejorado muchísimo,Hace 10 meses,2020-03-23 12:15:38.839853,5.0,Mª del Pilar Muñoz Rey,8,0,https://www.google.com/maps/contrib/117500886108754430123?hl=es-ES
ChdDSUhNMG9nS0VJQ0FnSURZOWVHLXFRRRABGhYxLVVvSWNvN3lLSlBoQ0JUTUY4Zm93,Muy bien expuestas todas sus piezas y muy buena atención del personal.,Hace 10 meses,2020-03-23 12:15:38.840851,5.0,ildefonso perez,24,0,https://www.google.com/maps/contrib/116918331616086021986?hl=es-ES
ChZDSUhNMG9nS0VJQ0FnSURZcGN2ZEVBEAEaFng3bFJfMGpVTUZaRS1taFdIS3FtMGc,"Sabía que lo había visitado de niño, pero he vuelto a entrar años después y me he llevado una grata sorpresa. Mucha gente dice que ahí ""solamente hay piedras"", y realmente me pregunto cuándo fue la última vez que entraron. Una visita imprescindible para los turistas que vienen a ver la Alcazaba. Y además es GRATIS.",Hace 10 meses,2020-03-23 12:15:45.778573,5.0,Juan J Brieva,0,0,https://www.google.com/maps/contrib/107071620922772195631?hl=es-ES
ChZDSUhNMG9nS0VJQ0FnSURZcGViLUNnEAEaFm53M2xQN2JkUFl5el9fQzRsOTlnd2c,"Museo que aunque pequeño es interesante, sorprende algunas piezas que tiene ""estelas"" y encima gratuito. Aconsejable dar un paseo por su interior.",Hace 10 meses,2020-03-23 12:15:45.780568,4.0,Enrique Enriquez,0,0,https://www.google.com/maps/contrib/113971974515483345491?hl=es-ES
ChZDSUhNMG9nS0VJQ0FnSURZaGFYUkhnEAEaFjVOb3AwS1BKajROUGpPUkRIaXBOcHc,,Hace 10 meses,2020-03-23 12:15:45.781565,4.0,Manolo Ortega,2,0,https://www.google.com/maps/contrib/117628191621025751487?hl=es-ES
ChdDSUhNMG9nS0VJQ0FnSURZZ2VMd25nRRABGhZUNUtiZ2R0RExBOTZqTHhXOGlNWVln,,Hace 10 meses,2020-03-23 12:15:45.781565,5.0,Antonio Dávalos,0,0,https://www.google.com/maps/contrib/105508876277098975146?hl=es-ES
ChdDSUhNMG9nS0VJQ0FnSURZM3E2N3Z3RRABGhZhc3EzTlFrQ3RtVnNZSGdBNnR2NDln,,Hace 10 meses,2020-03-23 12:15:45.782562,4.0,Francisco Criado Alonso,0,0,https://www.google.com/maps/contrib/107423541114742307508?hl=es-ES
ChdDSUhNMG9nS0VJQ0FnSURZMXEtV3l3RRABGhZGaXAtbUZZVWMtUDFXVHI3ci1tdjh3,,Hace 10 meses,2020-03-23 12:15:45.783559,5.0,Ana belen Piriz Escudero,0,0,https://www.google.com/maps/contrib/118390881991877551219?hl=es-ES
ChZDSUhNMG9nS0VJQ0FnSURZLW82cmJnEAEaFjZPQnhTeEd2ZlU4T1Y3Tk83dXk2MkE,,Hace 10 meses,2020-03-23 12:15:45.784556,5.0,Mariangeles Macho Castillo,0,0,https://www.google.com/maps/contrib/100808423736649616758?hl=es-ES
ChZDSUhNMG9nS0VJQ0FnSURZc282ald3EAEaFlRZUVRhZXRhZmtIRHctb1RkWkxYbWc,Una visita obligada...si te gusta la cultura.,Hace 10 meses,2020-03-23 12:15:45.785554,3.0,Juan Vl,0,0,https://www.google.com/maps/contrib/112655628590882430808?hl=es-ES
ChZDSUhNMG9nS0VJQ0FnSURZX1ByclRREAEaFmVlVHAxdjdzQS1uZlltbmZWVXB3NGc,,Hace 10 meses,2020-03-23 12:15:45.786551,4.0,Cristina Gómez,0,0,https://www.google.com/maps/contrib/112588792592183702904?hl=es-ES
ChdDSUhNMG9nS0VJQ0FnSURZck42SnBRRRABGhZKdENXR0dJVTVxSE5tUHJjSjN3M1JR,,Hace 10 meses,2020-03-23 12:15:45.786551,5.0,Rocio De La Marta Bermejo,4,0,https://www.google.com/maps/contrib/111330935037414176513?hl=es-ES
ChZDSUhNMG9nS0VJQ0FnSURZek5iTEpREAEaFjR2RXZmZ3IxUVVWWVNxaGhGTGNXT1E,,Hace 10 meses,2020-03-23 12:15:52.711308,5.0,John Shinn,6,0,https://www.google.com/maps/contrib/113217458067742266838?hl=es-ES
ChdDSUhNMG9nS0VJQ0FnSURZNU9DWjZBRRABGhY4R3RQYjgwTG9ZRW5acEdKZi13bXRB,,Hace 10 meses,2020-03-23 12:15:52.713304,4.0,Marcos García,0,0,https://www.google.com/maps/contrib/104927505270245310731?hl=es-ES
ChdDSUhNMG9nS0VJQ0FnSURZbU9TaC1nRRABGhY3NUl0TGR0Z0ZMOXAtVFBwMHAzM0Jn,,Hace 10 meses,2020-03-23 12:15:52.714302,5.0,luisa,0,0,https://www.google.com/maps/contrib/103760903959076986956?hl=es-ES
ChdDSUhNMG9nS0VJQ0FnSUNZbi1UeThBRRABGhY5NUZOejVYcTB3Qm5nWXhvb1RjNGRn,,Hace 10 meses,2020-03-23 12:15:52.715298,5.0,Miguel Ángel Rivas,0,0,https://www.google.com/maps/contrib/101591918370666590255?hl=es-ES
ChdDSUhNMG9nS0VJQ0FnSUNZOTVUU29nRRABGhZXQ0lITWlHcjFjb2Qwb0hGN29tYUJn,,Hace 10 meses,2020-03-23 12:15:52.716295,5.0,Arcade pro,0,0,https://www.google.com/maps/contrib/112675893101837881657?hl=es-ES
ChZDSUhNMG9nS0VJQ0FnSUNZbF96eldREAEaFkEtM2pvYmR1SW82NXdfcjN0UXpzQnc,,Hace 10 meses,2020-03-23 12:15:52.716295,3.0,Leire Azkonobieta,2,0,https://www.google.com/maps/contrib/111025767708799832150?hl=es-ES
ChZDSUhNMG9nS0VJQ0FnSUNZdTRXelZBEAEaFmRpVmFIQXBxU0xfcUU2N0FLWC1NUVE,(Traducido por Google) interesante  (Original) Interessant,Hace 11 meses,2020-03-23 12:15:52.717292,4.0,Ramon Pinós,0,0,https://www.google.com/maps/contrib/106242040628688214525?hl=es-ES
ChZDSUhNMG9nS0VJQ0FnSUNZcTRHSU1BEAEaFktsaGd4enRybnB6MXJGMlQwN193VVE,Pequeño museo pero con muchas cosas interesante  distintas salas bien definidas  Trato amable y muy correcto  La entrada es gratuita recomendable para los críos curiosos,Hace 11 meses,2020-03-23 12:15:52.718290,5.0,Eduardo Laza,0,0,https://www.google.com/maps/contrib/114920906585753905360?hl=es-ES
ChZDSUhNMG9nS0VJQ0FnSUNZcTRyamVREAEaFjhtWDByYkNVeWRTRmdzNUZna2xaWWc,,Hace 11 meses,2020-03-23 12:15:52.719287,5.0,Amal El Aafifi,3,0,https://www.google.com/maps/contrib/116700688811593390491?hl=es-ES
ChdDSUhNMG9nS0VJQ0FnSUNZcTl5UWhRRRABGhY4cG1tVmpNak5Bb2VXQmF3UmZaQ21B,"Precioso,",Hace 11 meses,2020-03-23 12:15:52.720284,5.0,Francisco Trejo,7,0,https://www.google.com/maps/contrib/112759332857737112614?hl=es-ES
ChdDSUhNMG9nS0VJQ0FnSUNZczk3RHpnRRABGhZEYnFqS1Q4VVRLQVlfWGlTQWZmYzB3,Bonito,Hace 11 meses,2020-03-23 12:15:59.891962,4.0,pablotube08 *,5,0,https://www.google.com/maps/contrib/118399060844821291347?hl=es-ES
ChdDSUhNMG9nS0VJQ0FnSUNZNDhyN193RRABGhZzM2dXR2dsaXBIeFZjSFMyQkp2VXhR,,Hace 11 meses,2020-03-23 12:15:59.891962,5.0,Javier P,0,0,https://www.google.com/maps/contrib/113965986494304710689?hl=es-ES
ChdDSUhNMG9nS0VJQ0FnSUNZZzRYdDhnRRABGhZyR0RfTVFaeVVRY3BfM3lIbmx2RDJB,Lugar interesánte,Hace 11 meses,2020-03-23 12:15:59.892959,5.0,Sántos Sánchez-Cortés,0,0,https://www.google.com/maps/contrib/102103417315690755448?hl=es-ES
ChdDSUhNMG9nS0VJQ0FnSUNZdVpQOGpRRRABGhZOSVFuc3pKY2NhLUJSUFdqRk1OSV9n,,Hace 11 meses,2020-03-23 12:15:59.894954,5.0,Jorge lozano,2,0,https://www.google.com/maps/contrib/101909229466341616234?hl=es-ES
ChZDSUhNMG9nS0VJQ0FnSUNZaWZHY0J3EAEaFk9VcUlyNEdORmo0dUVLT1hsLWJMUUE,Hay que visitarle se.merece una hora,Hace 11 meses,2020-03-23 12:15:59.894954,4.0,Juan Ramón Garrandes,0,0,https://www.google.com/maps/contrib/100244327651181831284?hl=es-ES
ChZDSUhNMG9nS0VJQ0FnSUNZNGJxVU9nEAEaFjB0VlBSOU1wYUw1OGVUa2NvSGRNZFE,De gran interés cultural,Hace 11 meses,2020-03-23 12:15:59.895951,5.0,Fernando González,0,0,https://www.google.com/maps/contrib/101568970921748758234?hl=es-ES
ChZDSUhNMG9nS0VJQ0FnSUNZMnRpVlZREAEaFjRZaGl6LU9YQkI1S0VhVEkzTFZqM0E,"Interesante para una visita rápida, hechar un vistazo y hacerse una idea de la cultura extremeña..",Hace 11 meses,2020-03-23 12:15:59.896948,4.0,Lily Torres,0,0,https://www.google.com/maps/contrib/115319064647536590534?hl=es-ES
ChZDSUhNMG9nS0VJQ0FnSUNZZ3I2VkxnEAEaFkJrNmNHVHVfandPNFUwS2Vrb3RQdkE,Genial para una excursion me encanto ser detective,Hace 11 meses,2020-03-23 12:15:59.897946,5.0,Rocio Lopez Sanchez,7,0,https://www.google.com/maps/contrib/102547167595722599793?hl=es-ES
ChdDSUhNMG9nS0VJQ0FnSUNZb0t2SGhBRRABGhZJRXRfME5HNHdkVGJjOS1ZQkNNZlFR,,Hace 11 meses,2020-03-23 12:15:59.898943,5.0,Trung Lý Hữu,0,0,https://www.google.com/maps/contrib/105232889363361660022?hl=es-ES
ChdDSUhNMG9nS0VJQ0FnSURvMTd5czFBRRABGhYxYVFWREdqSWdqeTNuUGhJZ2c3ZVNR,Muy interesante,Hace 11 meses,2020-03-23 12:15:59.899966,4.0,marife velazquez piñero,0,0,https://www.google.com/maps/contrib/104430444795043991147?hl=es-ES
ChdDSUhNMG9nS0VJQ0FnSURveDg2cmhBRRABGhZZVGhqQnVXV1JqUGRDdnJNM2VVQkZn,,Hace 11 meses,2020-03-23 12:16:06.853344,5.0,Sergio ssh,0,0,https://www.google.com/maps/contrib/104657996138209731022?hl=es-ES
ChdDSUhNMG9nS0VJQ0FnSURvM3BDWGhRRRABGhZpUFkzWnlLdTJRMGJBSXRiSGg4OHBR,Interesante para saber de dónde venimos y dónde estamos,Hace un año,2020-03-23 12:16:06.854342,3.0,Camino Aladro Majua,0,0,https://www.google.com/maps/contrib/107843442562557538925?hl=es-ES
ChZDSUhNMG9nS0VJQ0FnSURvcUxxZVB3EAEaFlYyZjNvSmRZckYzb2g4dFM4V0ZkNXc,Espectacular,Hace un año,2020-03-23 12:16:06.854342,5.0,María del Pilar Jurado Henche,0,0,https://www.google.com/maps/contrib/103559475507088419696?hl=es-ES
ChdDSUhNMG9nS0VJQ0FnSURvaU55bXVnRRABGhZDaU1JazJKZHhQYlhJQ2NmRlhPOGxn,,Hace un año,2020-03-23 12:16:06.855339,5.0,Bruna Moura,0,0,https://www.google.com/maps/contrib/107457486451986761155?hl=es-ES
ChdDSUhNMG9nS0VJQ0FnSURvOEp1T293RRABGhYxSjI1X1FFVVNmZ21mdlRRQlM4SFhB,,Hace un año,2020-03-23 12:16:06.856336,5.0,Jose Carlos Corchado,0,0,https://www.google.com/maps/contrib/103276848824525428639?hl=es-ES
ChdDSUhNMG9nS0VJQ0FnSURvZ0kzOTFRRRABGhZjMllUa3VOLTkwRTZ1S1RFX1VRa3Rn,,Hace un año,2020-03-23 12:16:06.857333,5.0,Ana Ramos,0,0,https://www.google.com/maps/contrib/107382291732554226103?hl=es-ES
ChZDSUhNMG9nS0VJQ0FnSUNvOTk3ZWZBEAEaFmJEQUQtaGVkSDhJdXNXMkJGU3FFZ1E,Gran colección diferentes salas organizadas por antiguedad.,Hace un año,2020-03-23 12:16:06.858330,5.0,Ana B,0,0,https://www.google.com/maps/contrib/113538239938177528732?hl=es-ES
ChdDSUhNMG9nS0VJQ0FnSUNvcDV2ZWlnRRABGhZoeDE3dTRjT1V0VkRkWG1iWEY5QjRB,(Traducido por Google) Vale la pena echarle un vistazo  (Original) Vale muito a pena conferir,Hace un año,2020-03-23 12:16:06.859328,5.0,Luiz Gustavo Suzuki,0,0,https://www.google.com/maps/contrib/111109639412868431362?hl=es-ES
ChZDSUhNMG9nS0VJQ0FnSUNveDV2N2JREAEaFjBKUUN1Mm4wcUdUZ1FjV3p3cUZqdHc,,Hace un año,2020-03-23 12:16:06.860326,4.0,Robert J Flann,12,0,https://www.google.com/maps/contrib/114180222347540687800?hl=es-ES
ChdDSUhNMG9nS0VJQ0FnSUNvaDlmVjNRRRABGhZSeGlVenNwdDV4MGJydXpUbi1INDlB,Lugar extremadamente interesante con una de las colecciones de estelas de guerrero mejores de España. No es muy grande pero si muy atractivo para cualquier aficionado a la arqueología. El entorno de la Alcazaba de Badajoz es luego muy sugerente para dar un paseo por sus restauradas murallas. Muy recomendable.,Hace un año,2020-03-23 12:16:06.861322,5.0,Juan Carlos Rodriguez,0,0,https://www.google.com/maps/contrib/115443559659253063678?hl=es-ES
ChZDSUhNMG9nS0VJQ0FnSUNvM2MtM2NnEAEaFmNKNnZULVlaazNQSnp6UDRicGNsVGc,,Hace un año,2020-03-23 12:16:14.306006,5.0,Santiago Vadillo,0,0,https://www.google.com/maps/contrib/100144208835254165586?hl=es-ES
ChdDSUhNMG9nS0VJQ0FnSUNvdGQ2ZXJ3RRABGhZlYXlwOWFHXzFVOEY5WW1ZbGJXTjJB,,Hace un año,2020-03-23 12:16:14.307003,5.0,Ricardo Corrales Garrancho,1,0,https://www.google.com/maps/contrib/117050238428753454392?hl=es-ES
ChZDSUhNMG9nS0VJQ0FnSUNvenRDYlVBEAEaFjBqZHZEeXo1VnVnS2RBUWdVVjVOV2c,Estupenda exposición: tocar la historia.,Hace un año,2020-03-23 12:16:14.310994,5.0,Ma MERCEDES FERNÁNDEZ,12,0,https://www.google.com/maps/contrib/105341537296004842768?hl=es-ES
ChZDSUhNMG9nS0VJQ0FnSUNvbHRpRE9BEAEaFnNSWTYwQzJYYW1QQWpDazZ2SnlkR0E,,Hace un año,2020-03-23 12:16:14.312988,5.0,Un Usuario De Google,0,0,https://www.google.com/maps/contrib/111865520779248983609?hl=es-ES
ChZDSUhNMG9nS0VJQ0FnSUNvNnQ3TVNnEAEaFjl2N1VKVVprZFZxVURyOVVjdS1ESkE,,Hace un año,2020-03-23 12:16:14.314984,5.0,Diego Gallar,0,0,https://www.google.com/maps/contrib/107638147264369044002?hl=es-ES
ChZDSUhNMG9nS0VJQ0FnSUNvb3VqbmZBEAEaFkp5UWdyUlJPYkJseG4zWFVkU29Odmc,,Hace un año,2020-03-23 12:16:14.315979,5.0,José María,0,0,https://www.google.com/maps/contrib/115973270573850775955?hl=es-ES
ChZDSUhNMG9nS0VJQ0FnSUNvd29uRFJBEAEaFmY2dXZtb1JkWUVHTkFVYXhwNDBqemc,,Hace un año,2020-03-23 12:16:14.316976,3.0,Teresa Ugartemendia,4,0,https://www.google.com/maps/contrib/101857394707030444775?hl=es-ES
ChdDSUhNMG9nS0VJQ0FnSUNveFBmUHpRRRABGhY5OWtTRU9YZ1hNZmM2aFg3YVFURE5R,"Tiene piezas de muchas epocas. Que dejan entrever la historia de Badajos desde la prehistoria, pasando por su epoca romana, etc. El museo esta en varias plantas. No es muy grande pero la visita se hace amena. Pudiendo disfrutar mucho de su coleccion. Supongo tb que al haber visto tantos museo, la cultura romanaes muy parecida en todos, voy juntando puzzles de piesas. Un poquito de aqui. Un poco de alla. Ah aqui vi una novedad para mi: dioses tabla🤔",Hace un año,2020-03-23 12:16:14.317974,5.0,antonio pop,0,0,https://www.google.com/maps/contrib/109041256097087134109?hl=es-ES
ChdDSUhNMG9nS0VJQ0FnSURJdV9QbHRBRRABGhZxb2pHdC1KLWpOcXJVM3RfaXBMcGJn,"Pequeño, pero muy interesante y bueno",Hace un año,2020-03-23 12:16:14.318971,4.0,Julian Perez,0,0,https://www.google.com/maps/contrib/110698338477367608528?hl=es-ES
ChdDSUhNMG9nS0VJQ0FnSURJeTgzMW13RRABGhZXT1p6RXpSV3FDOU50RXZQOUhnVC13,"Me gusto mucho. Con piezas muy bonitas e interesantes sobre todo las zona de prehistoria, romana y visigoda . Merece mucho la pena",Hace un año,2020-03-23 12:16:14.319969,4.0,Javier Nava,0,0,https://www.google.com/maps/contrib/110969719040665995418?hl=es-ES
ChdDSUhNMG9nS0VJQ0FnSURJdzRuSi1nRRABGhZKMENISGVDUkxUVmRJNXpJdEZ2Qnln,,Hace un año,2020-03-23 12:16:21.652708,3.0,Julio Ros,36,0,https://www.google.com/maps/contrib/105051325157027322043?hl=es-ES
ChdDSUhNMG9nS0VJQ0FnSURJeFpEYTNBRRABGhZETWRzQnZHUjdxR2x4R3dlUi1NSVVn,"Me gusto mucho la visita y las vistas, El parking es gratuito y muy cercano.",Hace un año,2020-03-23 12:16:21.653706,4.0,LUIS ANTONIO MORATO,0,0,https://www.google.com/maps/contrib/111647127661562535501?hl=es-ES
ChdDSUhNMG9nS0VJQ0FnSURJLWVHTmhBRRABGhZidVN5Tk9YMFRvVGgxOGFMY1RFdVhR,,Hace un año,2020-03-23 12:16:21.654703,5.0,Enrique Hernández,1,0,https://www.google.com/maps/contrib/103859489514090781347?hl=es-ES
ChdDSUhNMG9nS0VJQ0FnSURJbVlYUnl3RRABGhZyS0JtSHBvZlF6UmxPeVBwR2gwaW53,,Hace un año,2020-03-23 12:16:21.655701,3.0,Jose María Crespo González,0,0,https://www.google.com/maps/contrib/102519629985300519390?hl=es-ES
ChdDSUhNMG9nS0VJQ0FnSURJcXJyNl9RRRABGhZhaUxkdnA1NWxHVjFDNU9oeDJOd29n,"Museo gratuito de arqueología con piezas encontradas en la provincia de Badajoz, desde la prehistoria hasta el siglo XVI. El personal muy amable.",Hace un año,2020-03-23 12:16:21.656698,4.0,Frank Pámar,0,0,https://www.google.com/maps/contrib/107725688230972346694?hl=es-ES
ChZDSUhNMG9nS0VJQ0FnSURJaXBQT0hBEAEaFmpaUU5VbnZQOHBXcnVyOUlxdmJMcnc,,Hace un año,2020-03-23 12:16:21.656698,5.0,Alexandre Santos,0,0,https://www.google.com/maps/contrib/110507458566050923579?hl=es-ES
ChdDSUhNMG9nS0VJQ0FnSURJOHBTLXpnRRABGhZuLTNqUlZSNWw1eW5admZRZmQ5RDBR,,Hace un año,2020-03-23 12:16:21.658693,5.0,Manuel Candido Novo,0,0,https://www.google.com/maps/contrib/106791521663030985571?hl=es-ES
ChdDSUhNMG9nS0VJQ0FnSURJNG91cDdnRRABGhZlVkZnWUFlUGlNRjc3bHd5Y0ZEcVh3,"(Traducido por Google) Una pequeña perla. Pequeño museo muy bien cuidado. Un servicio que se destacó positivamente, con el empleado para tratar de hablar en portugués, algo difícil de encontrar en España.  (Original) Uma pequena pérola. Pequeno museu muito bem cuidado. Um atendimento que primou pela positiva, com o funcionário a procurar falar em português, algo difícil de encontrar em Espanha.",Hace un año,2020-03-23 12:16:21.659690,5.0,Mário Pereira,0,0,https://www.google.com/maps/contrib/104334641626610074207?hl=es-ES
ChZDSUhNMG9nS0VJQ0FnSURJNHFITU5BEAEaFk01X3J3NFNHaXFDOUtKR21SNG9RUlE,Encontrarás piezas arqueologicas únicas  No pienses encontrar nada relacionado con la Atlántida!!,Hace un año,2020-03-23 12:16:21.660696,5.0,Marco_ gamer 777,0,0,https://www.google.com/maps/contrib/104564052754590155081?hl=es-ES
ChdDSUhNMG9nS0VJQ0FnSURJd3RTVXNRRRABGhZVZFlkdGxKWnd5LWd6VkZvUmxwS3NR,,Hace un año,2020-03-23 12:16:21.661685,5.0,Elisa BR,0,0,https://www.google.com/maps/contrib/117369291441642217181?hl=es-ES
ChdDSUhNMG9nS0VJQ0FnSURJbElMVnJnRRABGhYtczdPdzk2X0tTaTB2a1NYekh5LS13,,Hace un año,2020-03-23 12:16:28.858202,3.0,Leire Gonzalez,0,0,https://www.google.com/maps/contrib/105303734130934418377?hl=es-ES
ChZDSUhNMG9nS0VJQ0FnSURJLU1YalhBEAEaFnZRcEo5ci1NVXdLLUJWdDR4VHdCeUE,,Hace un año,2020-03-23 12:16:28.860197,5.0,Manuel Galán,0,0,https://www.google.com/maps/contrib/114792877183479102822?hl=es-ES
ChZDSUhNMG9nS0VJQ0FnSURJNk1xRVNnEAEaFkNMdVptM3dlMm9DbGgzUFZibXpGSUE,Joya.,Hace un año,2020-03-23 12:16:28.860197,5.0,Luis Pacheco Montes de Oca,45,0,https://www.google.com/maps/contrib/103190813699245493919?hl=es-ES
ChZDSUhNMG9nS0VJQ0FnSUNJajdQYUZnEAEaFkw4VFk4QjhqbUJzQXNQdzZ1LVF0SXc,Merece la pena,Hace un año,2020-03-23 12:16:28.861218,4.0,Begoña Perez,0,0,https://www.google.com/maps/contrib/113671724399476040922?hl=es-ES
ChZDSUhNMG9nS0VJQ0FnSUNJajdEM1RREAEaFmxrc2lRdURKUXFVQUdyNHEtbF9xRWc,,Hace un año,2020-03-23 12:16:28.862191,5.0,Joffre Iza,0,0,https://www.google.com/maps/contrib/101370501464353613264?hl=es-ES
ChdDSUhNMG9nS0VJQ0FnSUNJeF9tdm5nRRABGhZ6c0t4OFZOUWwtcUlfYjk2Mk81anNR,,Hace un año,2020-03-23 12:16:28.863188,2.0,RMrosa pecas RM,42,0,https://www.google.com/maps/contrib/114991722613717886316?hl=es-ES
ChZDSUhNMG9nS0VJQ0FnSUNJMjUtV053EAEaFmhWUGREOWVMWXZrNk1sOGFHWWc0Q3c,,Hace un año,2020-03-23 12:16:28.864196,3.0,Carol Garcia Lopez,0,0,https://www.google.com/maps/contrib/115202541138669930970?hl=es-ES
ChdDSUhNMG9nS0VJQ0FnSUNJOVpfNTFRRRABGhZwY0l5aHc1Wi1yS1c4bTlBWXRIbkV3,Una joya de museo. Resulta muy enriquecedor para toda la familia.,Hace un año,2020-03-23 12:16:28.865183,3.0,Antonia,0,0,https://www.google.com/maps/contrib/114974135517464440988?hl=es-ES
ChdDSUhNMG9nS0VJQ0FnSUNJOWZTZXpRRRABGhZUdGlsVEtXaFI0UEY3YXBUSzhFZ2JB,,Hace un año,2020-03-23 12:16:28.866180,5.0,Juanma C,0,0,https://www.google.com/maps/contrib/114540515498090909809?hl=es-ES
ChdDSUhNMG9nS0VJQ0FnSUNJOWNqSTVnRRABGhZHendUUkk5U2l1eWdhVU12aENET3l3,Muy interesante.,Hace un año,2020-03-23 12:16:28.867177,5.0,Isabel Galán,20,0,https://www.google.com/maps/contrib/116012934972302070246?hl=es-ES
ChdDSUhNMG9nS0VJQ0FnSUNJbGFHSGlBRRABGhZMZE5XR1duZ3BxemkzTWgyWUUyd3Bn,,Hace un año,2020-03-23 12:16:36.133342,4.0,bartolome torres mari,0,0,https://www.google.com/maps/contrib/115808571585466073359?hl=es-ES
ChdDSUhNMG9nS0VJQ0FnSUNJcWZmazJBRRABGhZhbTVjM1V0QkZhT3g4VnY4eG9zU0lR,Espectacular y unico,Hace un año,2020-03-23 12:16:36.135337,5.0,Esther Guijarro,0,0,https://www.google.com/maps/contrib/117278053257864822806?hl=es-ES
ChZDSUhNMG9nS0VJQ0FnSUNJeWV1RWF3EAEaFlE2MXZsbkdjRGRrUUlFSEswcmY3YXc,,Hace un año,2020-03-23 12:16:36.136333,5.0,Manuel Cordero,0,0,https://www.google.com/maps/contrib/117314300888576118633?hl=es-ES
ChZDSUhNMG9nS0VJQ0FnSUNJa2VDRk13EAEaFlhXR3YzWi1LdXN6UHlEcWdDaHY4cXc,"Una grata experiencia y muchas curiosidades, buen trato, limpieza impecable. Seguro repetiré visita",Hace un año,2020-03-23 12:16:36.138329,5.0,paqui carballo,5,0,https://www.google.com/maps/contrib/101135050468794506627?hl=es-ES
ChdDSUhNMG9nS0VJQ0FnSUNJLXZXVG53RRABGhZqSFZUWlhla3dJR21JZTU5dllBSmpR,Pequeño museo con el espacio bien aprovechado interesante completo... y gratis.,Hace un año,2020-03-23 12:16:36.141322,5.0,hurdinek verano,3,0,https://www.google.com/maps/contrib/102300128622785560180?hl=es-ES
ChdDSUhNMG9nS0VJQ0FnSUNJMnV6X2lBRRABGhZySVA0ajAwMHVVc2FlcWQ1TV9BZzBn,La cultura al alcance de todos. Historia para conocer y no olvidar nuestra procedencia. Bien conservado,Hace un año,2020-03-23 12:16:36.143316,5.0,francisco i. garcía,0,0,https://www.google.com/maps/contrib/106129598791775113197?hl=es-ES
ChdDSUhNMG9nS0VJQ0FnSUNvbWVMVGtRRRABGhYxSjRxM05uM3hDekNBaDZkTzloUF9B,(Traducido por Google) Tiene mucha variedad de piezas expuestas de varias épocas y bien subtituladas. Gratuito. Cierra temprano.  (Original) Tem muita variedade de peças expostas de várias épocas e bem legendadas. Gratuito. Fecha cedo.,Hace un año,2020-03-23 12:16:36.144317,4.0,Ericina Santos,0,0,https://www.google.com/maps/contrib/109416245745887136747?hl=es-ES
ChdDSUhNMG9nS0VJQ0FnSUNJM1B2WmdRRRABGhZSLTM3NTVlcWZWWEtEUEY0RUl4aHdn,,Hace un año,2020-03-23 12:16:36.147305,1.0,Fernando Martinez Medina,9,0,https://www.google.com/maps/contrib/107484176640628815579?hl=es-ES
ChdDSUhNMG9nS0VJQ0FnSUR3dEo3c25BRRABGhZKZ1NLM2NCdmxRbThoRk80dDd6M1pn,,Hace un año,2020-03-23 12:16:36.150296,4.0,Ángel Garrido,0,0,https://www.google.com/maps/contrib/115373348376761659306?hl=es-ES
ChZDSUhNMG9nS0VJQ0FnSUR3eU5pcGJREAEaFkhyLWNXZzA1MFRjVHdfdndLcWlEZlE,"Interesante. Limpio, personal agradable.",Hace un año,2020-03-23 12:16:36.151294,4.0,Lola Vaz,0,0,https://www.google.com/maps/contrib/112814119960986763722?hl=es-ES
ChdDSUhNMG9nS0VJQ0FnSUR3c0tuVXp3RRABGhZncEtqWHoxMmlVd0RkeHRMb2czY2FR,Interesante. Falta un pulido para hacerlo mas agradable al visitante.,Hace un año,2020-03-23 12:16:43.442245,4.0,Ignacio García Gamero,0,0,https://www.google.com/maps/contrib/103402520655316228354?hl=es-ES
ChdDSUhNMG9nS0VJQ0FnSUR3Z0pfVmdRRRABGhZxOU9jRGJYeG1RWXpwQWxYY00yM2hB,Ameno y bien explicado.,Hace un año,2020-03-23 12:16:43.443223,4.0,Manel Mateu,0,0,https://www.google.com/maps/contrib/112974060844608394464?hl=es-ES
ChdDSUhNMG9nS0VJQ0FnSUR3b3FXUjh3RRABGhZLRXV5U0pqMzhOamdpREFiUkpldU1n,Visita imprescindible,Hace un año,2020-03-23 12:16:43.444220,5.0,Juan Perez Gonzalez,0,0,https://www.google.com/maps/contrib/106752314716435157476?hl=es-ES
ChZDSUhNMG9nS0VJQ0FnSUR3M0lHZkJ3EAEaFm81eFdITXhmeHpxS05ncWVrVmliLUE,,Hace un año,2020-03-23 12:16:43.445217,5.0,María Sánchez Chaves,0,0,https://www.google.com/maps/contrib/103813615502435769152?hl=es-ES
ChZDSUhNMG9nS0VJQ0FnSURRcDlXeWJ3EAEaFktVVk55RDBBZEo4Sm9oS2FiQVdFOHc,,Hace un año,2020-03-23 12:16:43.446214,4.0,Maria del Mar Gonzalez,5,0,https://www.google.com/maps/contrib/103798061285381281609?hl=es-ES
ChZDSUhNMG9nS0VJQ0FnSURBcmZQd1p3EAEaFng0dXZxMkQzcnNHMUNnVi1ZcWpTMEE,,Hace un año,2020-03-23 12:16:43.447212,5.0,Miguel Simões,0,0,https://www.google.com/maps/contrib/107098533919270214380?hl=es-ES
ChZDSUhNMG9nS0VJQ0FnSURBbnNMOWJnEAEaFmtZZmpSQjEyNmt6d3lOYXJGUmtYcWc,,Hace un año,2020-03-23 12:16:43.448209,2.0,Victor GM,0,0,https://www.google.com/maps/contrib/101903303555021725042?hl=es-ES
ChZDSUhNMG9nS0VJQ0FnSUNnbmJXT1F3EAEaFjVaRjV2WloxWXRieWoxdjZqWnNoM3c,Un museo pequeño con un fondo museográfico que abarca todas las épocas históricas y prehistóricas.,Hace un año,2020-03-23 12:16:43.449206,5.0,mERCHE mARTÍN,0,0,https://www.google.com/maps/contrib/106518700711915133201?hl=es-ES
ChdDSUhNMG9nS0VJQ0FnSUNBMk1TeHp3RRABGhZ5UE5GRWMxekk3RDgzamcteGFFeXBR,,Hace un año,2020-03-23 12:16:43.450204,4.0,Jorge Guitián,0,0,https://www.google.com/maps/contrib/112424034718218667019?hl=es-ES
ChdDSUhNMG9nS0VJQ0FnSURBOGFycF93RRABGhZ1NUxhVkRNOGFkSkJqZ2FEbl9yS0R3,"Muy bien explicado todo, piezas bastante interesantes, y desde fuera, unas vistas muy bonitas...",Hace un año,2020-03-23 12:16:43.451201,4.0,José Sánz,0,0,https://www.google.com/maps/contrib/114555911233004368395?hl=es-ES
ChZDSUhNMG9nS0VJQ0FnSURna0xpVVFBEAEaFl8tNGxJM3BWRW5UYUVJM0hHbVc1Tnc,,Hace un año,2020-03-23 12:16:50.717772,5.0,ismael vidal maria,0,0,https://www.google.com/maps/contrib/104372673210112955995?hl=es-ES
ChdDSUhNMG9nS0VJQ0FnSUNBMmZMY3RRRRABGhZuN3FVZThOZ09IZUpOQVk3OHVzUUt3,Todo muy bien explicado y organizado,Hace un año,2020-03-23 12:16:50.718769,4.0,paqui macias,0,0,https://www.google.com/maps/contrib/106146703233468350981?hl=es-ES
ChdDSUhNMG9nS0VJQ0FnSUNBNWI3SmlBRRABGhYyTmdWS3BVOENvVWdCQjVRNlJIWmNB,,Hace un año,2020-03-23 12:16:50.719767,5.0,Filipe Carvalho,2,0,https://www.google.com/maps/contrib/108224329669803439673?hl=es-ES
ChdDSUhNMG9nS0VJQ0FnSURReWJybF9RRRABGhZvNmR0dWptaFVfeDhHU2UxOGljSS13,,Hace un año,2020-03-23 12:16:50.720765,5.0,Raquel Córcoles,0,0,https://www.google.com/maps/contrib/107065493137480852215?hl=es-ES
ChdDSUhNMG9nS0VJQ0FnSURRaGFhQ3pBRRABGhZONDJwTDMtRVN6bDNhVGlnVkVUSi1n,,Hace un año,2020-03-23 12:16:50.722759,5.0,Vic,0,0,https://www.google.com/maps/contrib/104728317157184485057?hl=es-ES
ChZDSUhNMG9nS0VJQ0FnSUN3d3MtMFVBEAEaFnJkbFJ1aGtzV1Z4R0J5T3F2aDVXanc,Gran museo y muy bien explicado todo,Hace un año,2020-03-23 12:16:50.723758,5.0,Juantxo Martínez Duque,0,0,https://www.google.com/maps/contrib/117253587917728336861?hl=es-ES
ChdDSUhNMG9nS0VJQ0FnSURnaGZYbDVBRRABGhZNUlRQOWl1QTNYZ1ZocXM1RjQ0Uk1R,Muy bonito para conoser,Hace un año,2020-03-23 12:16:50.723758,4.0,Cristhian Jimenez,0,0,https://www.google.com/maps/contrib/108394304821394079443?hl=es-ES
ChZDSUhNMG9nS0VJQ0FnSUNncmV5elJBEAEaFlduZDkxNlUtWTlUOGk5X180UGpSUnc,(Traducido por Google) Un museo bien gestionado y un sitio arqueológico. El personal es amable. Gracias a las personas de Badajoz que ofrecen entrada gratuita a estos tesoros.  (Original) A well managed museum and archeological site. Staff are welcoming. Thank to people of Badajoz who offer free entrance to these treasures.,Hace un año,2020-03-23 12:16:50.724753,5.0,918ausi,33,0,https://www.google.com/maps/contrib/112332920805982061946?hl=es-ES
ChZDSUhNMG9nS0VJQ0FnSURBaU9ycUd3EAEaFkpZUkpBVGE3SC1KYk85bnBJZWdsaXc,,Hace un año,2020-03-23 12:16:50.725779,5.0,DAVID PEREZ GONZALEZ,0,0,https://www.google.com/maps/contrib/101840430571453401349?hl=es-ES
ChZDSUhNMG9nS0VJQ0FnSURBcy1Ud2RREAEaFlF6VFp6bXRxVXJpWHpkbEt3amlhcmc,Uno de los mejores museos que conozco.,Hace un año,2020-03-23 12:16:50.726772,5.0,Alejandro Kurtz de Griñó,0,0,https://www.google.com/maps/contrib/116251625630065239444?hl=es-ES
ChZDSUhNMG9nS0VJQ0FnSUN3amFEeFZBEAEaFmtTS19xWEg0Q183b0RpU1ZqR2p3N3c,,Hace un año,2020-03-23 12:16:58.127511,5.0,carmen br,0,0,https://www.google.com/maps/contrib/113850874253421260930?hl=es-ES
ChZDSUhNMG9nS0VJQ0FnSURBOW95WERBEAEaFnp5MnpSLURGWUlHdTZxeEt2OVFUbXc,Muy interesante,Hace un año,2020-03-23 12:16:58.128507,4.0,Old Gobbo,0,0,https://www.google.com/maps/contrib/103857825653318551243?hl=es-ES
ChZDSUhNMG9nS0VJQ0FnSUNncHNLRkhREAEaFkJkeldrS0Y1SS1YNGRDOG9TQTFSQnc,,Hace un año,2020-03-23 12:16:58.129504,5.0,Miguel A. Gracia Cambero,0,0,https://www.google.com/maps/contrib/100171117098514083385?hl=es-ES
ChdDSUhNMG9nS0VJQ0FnSUNRbWI3Mm9BRRABGhZlNXJTWFhqdHhvSUhaVFJqY2E4ckR3,,Hace un año,2020-03-23 12:16:58.130503,5.0,Valentin Rodriguez,0,0,https://www.google.com/maps/contrib/107420713519285824905?hl=es-ES
ChZDSUhNMG9nS0VJQ0FnSUNRbU9IS2FnEAEaFm1mRXota09KRnJ3RUg4NHhuQkFEeWc,"Quedamos impresionados por la belleza del lugar. El museo es la mar de didáctico, dado que te ofrece las distintas etapas de la historia de la provincia de Badajoz. Una visita que no hay que dejar de hacer.",Hace un año,2020-03-23 12:16:58.130503,5.0,Miguel Ángel Zambrano García,0,0,https://www.google.com/maps/contrib/113225149637486117423?hl=es-ES
ChdDSUhNMG9nS0VJQ0FnSUNBLWZtdHhRRRABGhZZbWpxUlZpSVExVjBtOTVZMmFBanhB,,Hace un año,2020-03-23 12:16:58.131502,5.0,David Franco,534,0,https://www.google.com/maps/contrib/110549802899068686626?hl=es-ES
ChdDSUhNMG9nS0VJQ0FnSUNnallheXdnRRABGhZmbkQ1QlU4ejZDV25PVUx5cHR2bXpR,,Hace un año,2020-03-23 12:16:58.132497,5.0,Marilo Granero Guisado,3,0,https://www.google.com/maps/contrib/107957235285429639934?hl=es-ES
ChZDSUhNMG9nS0VJQ0FnSURnLTdpWGNBEAEaFlJkNUh5aWpGNWpseElDcW82dFdNMEE,"Muy agradable visita a este museo. Destacaría la impresionante colección de Estelas de Guerrero y los Idolos Placa. Personal muy atento. El entorno del museo, un verdadero tesoro de Badajoz",Hace un año,2020-03-23 12:16:58.133495,5.0,jose manuel avila llanos,0,0,https://www.google.com/maps/contrib/110378833366116226199?hl=es-ES
ChdDSUhNMG9nS0VJQ0FnSURRNElQUzdnRRABGhYyZ2EwWkQyVThvNlNUQWQtbXBqcEdn,,Hace un año,2020-03-23 12:16:58.134496,3.0,Boni Rubio,0,0,https://www.google.com/maps/contrib/108543188685941742990?hl=es-ES
ChZDSUhNMG9nS0VJQ0FnSUNRMHJQZ0NnEAEaFi1Iaml0b2hRd2RaaW9oRFhkRkpRX0E,Museo gratuito con una enorme colección de piezas de toda la provincia. En si el propio museo como Palacio de Los Duques de Peña es digno de visitar.  Tienen actividades especiales para visitas escolares. Creo que se publicita poco para la importancia que debería tener,Hace un año,2020-03-23 12:16:58.135489,4.0,Carlos Botejara Corchero,0,0,https://www.google.com/maps/contrib/109127161738193467268?hl=es-ES
ChZDSUhNMG9nS0VJQ0FnSUN3MHNxZU5REAEaFjd3Tndfc3FKUFRnLVRaY2tyb0pTTFE,Muy bien explicado,Hace un año,2020-03-23 12:17:05.460319,5.0,Angel Moreno Peces,574,0,https://www.google.com/maps/contrib/103761273788861023083?hl=es-ES
ChdDSUhNMG9nS0VJQ0FnSUN3dkpHbWlnRRABGhZYM0w0LXVINmdGTllXTlZSVnczR2dn,Un edificio precioso con algunas joyas como las estelas tartesicas del s viii ac. Encima es gratis y la chica de la entrada es un encanto. Recomendado.,Hace un año,2020-03-23 12:17:05.461314,5.0,Pedro Viejo,0,0,https://www.google.com/maps/contrib/109429780533469237125?hl=es-ES
ChdDSUhNMG9nS0VJQ0FnSUNBMFluZHV3RRABGhZvZGhmMl9CX0FlcWhQWmppSWhzaFJn,,Hace un año,2020-03-23 12:17:05.462315,5.0,Luciene Regis,0,0,https://www.google.com/maps/contrib/110370366205440570685?hl=es-ES
ChdDSUhNMG9nS0VJQ0FnSURnc3ViajBnRRABGhZ3OFlHeDhSWWFSVzFWaHpKM1hBUVZn,,Hace un año,2020-03-23 12:17:05.463309,4.0,Marimar GP,0,0,https://www.google.com/maps/contrib/109142524013466892721?hl=es-ES
ChZDSUhNMG9nS0VJQ0FnSUNncmNtYlRREAEaFlZsYzFUWm9XSnQydXItOW5Rbl9HbXc,Totalmente recomendable para cualquiera que guste darse un paseo por la historia. Me llevo un maravilloso recuerdo de este museo ❤,Hace un año,2020-03-23 12:17:05.464306,5.0,MARIA ISABEL FERRER GUIJARRO,4,0,https://www.google.com/maps/contrib/112875563845838339670?hl=es-ES
ChZDSUhNMG9nS0VJQ0FnSUN3aWN6N09nEAEaFjVieDFqVEJUQ2Z3d1hBRm9QMW5BaXc,,Hace un año,2020-03-23 12:17:05.464306,5.0,Jose Raimundo Montes Torrado,6,0,https://www.google.com/maps/contrib/101084710436620875340?hl=es-ES
ChdDSUhNMG9nS0VJQ0FnSUNRbjU3bDhRRRABGhZLQ0dmczZpWUxkMjVpNEpzdW1GZUN3,,Hace un año,2020-03-23 12:17:05.465301,5.0,Santiago Martínez P,0,0,https://www.google.com/maps/contrib/117772823699587375279?hl=es-ES
ChZDSUhNMG9nS0VJQ0FnSUNBN2ZIRUpREAEaFk1KMVEyX1FocF9VbjJYakxnd3NjZlE,Siempre aprendes y ves cosas nuevas.,Hace un año,2020-03-23 12:17:05.466300,5.0,Esperanza Morales,0,0,https://www.google.com/maps/contrib/100162959194184379626?hl=es-ES
ChZDSUhNMG9nS0VJQ0FnSURBdXM2a0tnEAEaFkVCckVWNTNzYTNLRVB2Ni00Mm9qMnc,Museo muy interesante para conocer la historia de Badajoz y de toda la provincia en general.,Hace un año,2020-03-23 12:17:05.467303,5.0,Carlos Díaz Silva,0,0,https://www.google.com/maps/contrib/114298201885455395028?hl=es-ES
ChZDSUhNMG9nS0VJQ0FnSUNBdzlQUlJREAEaFnJNcjJmMFZMWXZ5MUtGMUp6blVqRkE,,Hace 2 años,2020-03-23 12:17:05.468297,5.0,Xinyu Yu,3,0,https://www.google.com/maps/contrib/101781023860472325783?hl=es-ES
ChdDSUhNMG9nS0VJQ0FnSURnd29fU3NBRRABGhZiYVdUTW9SZDVQUlZmOFl4UjdLd0pB,Maravillosas obras de arte,Hace 2 años,2020-03-23 12:17:13.415445,5.0,Cosmonaútico Altarf,0,0,https://www.google.com/maps/contrib/104826471081082890025?hl=es-ES
ChZDSUhNMG9nS0VJQ0FnSUNRemNicEF3EAEaFlpRZG41VHQ5VGw0aG5EbkgtMzQwOVE,Las exposiciones son las mismas de cuando íbamos desde 4 de E.G.B aunque supongo que tampoco se ha descubierto mucho más desde entonces.,Hace 2 años,2020-03-23 12:17:13.416443,1.0,Miguel,0,0,https://www.google.com/maps/contrib/103331334284343127243?hl=es-ES
ChdDSUhNMG9nS0VJQ0FnSUNBaDhqQW5RRRABGhZSV1k1c0phQzkzcGlJSEljQnltb3FR,Interesante museo para conocer la historia no solo de Badajoz si no también de su provincia. Bonito claustro. Imprescindible admirar las estelas de los guerreros.,Hace 2 años,2020-03-23 12:17:13.416443,4.0,Nieves Santano González,0,0,https://www.google.com/maps/contrib/111767283835489591952?hl=es-ES
ChZDSUhNMG9nS0VJQ0FnSUN3dWVYOEd3EAEaFjQxS1hmTmtWOENRRDhla003MVNMcWc,Desfasado. Muchos objetos sin información alguna sobre su procedencia o sobre lo que son. Increíble que pase eso.,Hace 2 años,2020-03-23 12:17:13.418438,1.0,Isidro Díaz,0,0,https://www.google.com/maps/contrib/113021668046843679664?hl=es-ES
ChdDSUhNMG9nS0VJQ0FnSURRcUx2Tm5nRRABGhZQXzN2VWpSbEtLckFBNGRCVU5NYXRn,Precioso y muy bien organizado. Muy amables.,Hace 2 años,2020-03-23 12:17:13.418438,5.0,Carlos Mora Rubio,0,0,https://www.google.com/maps/contrib/113732676055245813066?hl=es-ES
ChdDSUhNMG9nS0VJQ0FnSUNnaDlPOTF3RRABGhZnemd6dXVJYnpZekMyQTgxblJJQXl3,"(Traducido por Google) Un museo antiguo con objetos antiguos en vitrinas con pequeñas etiquetas que a menudo no te dicen el siglo en que fueron hechas, y mucho menos dónde fueron encontradas. Nada sobre la arqueología real o la línea de tiempo histórica de Badajoz o el área. Decepcionante. Nada en inglés, excepto un folleto pobre y una guía de audio de teléfono inteligente que proporcionaba un fondo muy vago para cada período y algunos elementos. P.ej. ""en la Era del Cobre hicieron herramientas con cobre"". Muy decepcionante.  (Original) An old fashioned museum with antique objects in glass cases with little labels that often dont tell you the century they were made, let alone where they were found. Nothing about the actual archaeology or historical timeline of Badajoz or the area. Disappointing. Nothing in English except a poor leaflet and a smartphone audioguide that gave a very vague background to each period and some items. E.g. ""in the Copper Age they made tools from copper"". Very disappointing.",Hace 2 años,2020-03-23 12:17:13.419436,2.0,Alex Ballance,0,0,https://www.google.com/maps/contrib/117086407602093271235?hl=es-ES
ChdDSUhNMG9nS0VJQ0FnSUNRX2JPWF9nRRABGhZ6ZUwzWVVtV0NObWJDZVk3MmpGT1BB,Muy pequeño pero vale la pena una visita hay piezas muy interesantes....,Hace 2 años,2020-03-23 12:17:13.420432,5.0,A.G. V.,0,0,https://www.google.com/maps/contrib/105427350089924186407?hl=es-ES
ChZDSUhNMG9nS0VJQ0FnSUNnMHZPaEZREAEaFi1tYlBrSnVJWVo1RERlcm91djVQZ3c,"Un ejemplo del gran esfuerzo que hace Badajoz para por su historia y para por el turismo. Una joya que guarda grandes tesoros, en un enclave precioso (dentro de La Alcazaba) y, lo más increíble, gratis. Especial mención a una de las trabajadoras, que nos indicó características que nos pasaban desapercibidas en algunas de las esculturas, con una amabilidad y una sonrisa   que no olvidaremos. Recomiendo a todo el mundo pasarse por allí y dedicar un buen rato a disfrutar de todo lo que ofrece.",Hace 2 años,2020-03-23 12:17:13.421429,5.0,Sergio y Rubén Rosado,0,0,https://www.google.com/maps/contrib/114158103641405907355?hl=es-ES
ChdDSUhNMG9nS0VJQ0FnSUNnNmFtWXBBRRABGhZGUVItUDVQVHV2eEdtaEN4dTVrVF9R,,Hace 2 años,2020-03-23 12:17:13.422427,4.0,José Pires,0,0,https://www.google.com/maps/contrib/108234912240414387874?hl=es-ES
ChdDSUhNMG9nS0VJQ0FnSURRMVpXTXh3RRABGhZDRjB0RkNpU2hCM1VuNTE2eUNtVzFn,,Hace 2 años,2020-03-23 12:17:13.423424,4.0,JOSE ANTONIO CANO GRANJO,0,0,https://www.google.com/maps/contrib/117811883322906456910?hl=es-ES
ChdDSUhNMG9nS0VJQ0FnSURBbmRuTDJRRRABGhZJOXZUcHV3RXNFZ2Q5UzZJcVctZ0hR,,Hace 2 años,2020-03-23 12:17:20.941041,4.0,sara serra,0,0,https://www.google.com/maps/contrib/116838873964279402438?hl=es-ES
ChdDSUhNMG9nS0VJQ0FnSURBcTREdHR3RRABGhZOT1A2U3VLaVZGQVdMVUxtODd6UzN3,,Hace 2 años,2020-03-23 12:17:20.942039,5.0,amador garcia miranda,0,0,https://www.google.com/maps/contrib/108939967541870997065?hl=es-ES
ChZDSUhNMG9nS0VJQ0FnSUN3a18yb0pnEAEaFmxSZmp0VWNiX2pXempqWkFWSFR1c2c,ESTE.   EDIFICIO.      JUSTO.  AL .              LADO.  ESTABA.  EL.  OSPITAL.    MILITAR.  LOSE.   YESTUBE.  DENTRO.  CON.   UN.  FAMILIAR.  QUE.  OPERARON. Y.  POESO.  LO. CONZCO.      PERO.  LO.  RETAURARON.  Y.  PUSIERON.   EL.   MUSEO.  TODA.   ESA.   ZONA.  ESTA.  AMURA.  LLADA.  TIENE.  UNAS.  VISTAS.   PRECIOSAS,Hace 2 años,2020-03-23 12:17:20.943036,4.0,Sara Iglesias,2,0,https://www.google.com/maps/contrib/107685811654166892668?hl=es-ES
ChZDSUhNMG9nS0VJQ0FnSURRb2VxZUVREAEaFjgzMDFJOVdna1JMd3BLaWx3WVZtX2c,"Está muy bien organizado, resulta muy didáctico para niños y mayores que no sepan de historia de Badajoz y su comarca. Tiene colecciones únicas , de gran valor arqueológico.  El enclave es magnífico,  un palacio enclavado en la zona más antigua y más alta  del casco histórico,  con unas vistas impresionantes de la ciudad y del hermoso río Guadiana. Un trato agradable y siempre ayudando ante cualquier duda que les manifestase.",Hace 2 años,2020-03-23 12:17:20.944034,5.0,Vituka,0,0,https://www.google.com/maps/contrib/108073191319073553163?hl=es-ES
ChZDSUhNMG9nS0VJQ0FnSUNnbDllTFRnEAEaFjV6VTFHYXQ1NVdzMlROZEhCdkxXTHc,"Es gratuito y muy interesante, tienen restos arqueológicos de varias civilizaciones",Hace 2 años,2020-03-23 12:17:20.944034,5.0,Juan Antonio,0,0,https://www.google.com/maps/contrib/112903104992559353403?hl=es-ES
ChdDSUhNMG9nS0VJQ0FnSURRMmFYTjNnRRABGhZJUjZOQUYyd3RZSVlnRkllWFZLMnB3,Museo pequeño pero interesante,Hace 2 años,2020-03-23 12:17:20.945031,4.0,Ion Akizu,0,0,https://www.google.com/maps/contrib/103174214937132318516?hl=es-ES
ChdDSUhNMG9nS0VJQ0FnSUNRbmFDUnJRRRABGhZPZ0NLVlVJY1ZvYXlrQW1ielZTZmR3,"Bien ubicado, aunque algo pequeño, con piezas y objetos muy interesantes.",Hace 2 años,2020-03-23 12:17:20.946028,5.0,Tour view Spain,0,0,https://www.google.com/maps/contrib/100499579685312584402?hl=es-ES
ChdDSUhNMG9nS0VJQ0FnSUNBeTVfMW5nRRABGhZHdVBoNnA1c3dsOFVhQ0pYRWx1cWxB,,Hace 2 años,2020-03-23 12:17:20.947025,5.0,Federico Kurtz,4,0,https://www.google.com/maps/contrib/106732865591441461551?hl=es-ES
ChZDSUhNMG9nS0VJQ0FnSUNBc29QVEhBEAEaFlF6VGEyQjduOVRfSDl1dERIdmVpbnc,Deberían exponer la totalidad de tesoros que posee.,Hace 2 años,2020-03-23 12:17:20.948023,4.0,Nando Badajoz,0,0,https://www.google.com/maps/contrib/100439920136947201335?hl=es-ES
ChZDSUhNMG9nS0VJQ0FnSURBN2Y3WU9REAEaFmc1QVNyay1yYmVyRi1JMmhGaUJxLXc,"Es pequeñito, pero con mucha información ",Hace 2 años,2020-03-23 12:17:20.948023,4.0,Nieves Avilés,0,0,https://www.google.com/maps/contrib/110160978648427021545?hl=es-ES
ChZDSUhNMG9nS0VJQ0FnSUN3d05INlhREAEaFkpDVEhyZkxQYXBBZHBDN1lGREk1akE,,Hace 3 años,2020-03-23 12:17:28.387342,5.0,José del Moral,0,0,https://www.google.com/maps/contrib/116101853430990679131?hl=es-ES
ChZDSUhNMG9nS0VJQ0FnSUN3NC1xYUxREAEaFlUyTnhXckRINDdVOXdPcDFYeDZVNEE,,Hace 3 años,2020-03-23 12:17:28.388342,5.0,Jose Manuel Roldan,5,0,https://www.google.com/maps/contrib/112188596391250637840?hl=es-ES
ChdDSUhNMG9nS0VJQ0FnSURnMzh2ZXl3RRABGhZRV3NaeUxiS3RPNkVlbE5COVVuTEJB,"Un museo para no perderse, y el personal muy educado y simpático.",Hace 3 años,2020-03-23 12:17:28.388342,5.0,Job Job,0,0,https://www.google.com/maps/contrib/115263215162219633153?hl=es-ES
ChZDSUhNMG9nS0VJQ0FnSUN3dG82MVBBEAEaFjN6emlnNThqN0RNOVZkR09leGxZeVE,"Es gratuito y muy interesante, tienen restos arqueológicos de varias civilizaciones",Hace 3 años,2020-03-23 12:17:28.389336,4.0,Miguel Chaparro,0,0,https://www.google.com/maps/contrib/109348638357745675258?hl=es-ES
ChdDSUhNMG9nS0VJQ0FnSUNROE1ucXdRRRABGhZpNU9fUXVjOUtHZzd5Q21nVUM3RVRB,,Hace 3 años,2020-03-23 12:17:28.390333,3.0,antonio fernandez,0,0,https://www.google.com/maps/contrib/113824837371524992970?hl=es-ES
ChZDSUhNMG9nS0VJQ0FnSUNRdWNqRmN3EAEaFnhZemNFbHNtVVJhTFdSQkxlRmpBT2c,Interesante,Hace 3 años,2020-03-23 12:17:28.391335,5.0,Pep FL,0,0,https://www.google.com/maps/contrib/111181718555105687527?hl=es-ES
ChdDSUhNMG9nS0VJQ0FnSUNna29qMnV3RRABGhZDY1lLbnBCMzlCc2hyY0lGNTBLVUV3,"Aunque es pequeño y no tiene muchas piezas, son muy buenas y representativas.  Tiene buenas piezas desde la Edad de Bronce. Todas ellas buenas y muy explicativas de cada época.  Es pequeño así que se ve rápido. ¡Y es gratuito!",Hace 3 años,2020-03-23 12:17:28.392330,4.0,Alfonso M. Corral,0,0,https://www.google.com/maps/contrib/115405409655650555751?hl=es-ES
ChZDSUhNMG9nS0VJQ0FnSURnNnMzWUNnEAEaFkVmb2lhSVVfVUdJOEkwQ3pPaXByaGc,,Hace 3 años,2020-03-23 12:17:28.393326,5.0,Manuel Angel Sanchez Remior,0,0,https://www.google.com/maps/contrib/113219638482856468119?hl=es-ES
ChZDSUhNMG9nS0VJQ0FnSUNBdkpQMUJ3EAEaFmZ0Rk1hLWV6RjVMVUowQVpSUFNMVUE,(Traducido por Google) Vale la pena una visita  (Original) Vale a visita,Hace 3 años,2020-03-23 12:17:28.394323,4.0,Mário Correia,2119,0,https://www.google.com/maps/contrib/113188734017251816464?hl=es-ES
ChZDSUhNMG9nS0VJQ0FnSURnc0x2eFV3EAEaFmNfUWQ1MUlxZW1BUW4wMVRUVG1RR3c,"Muy recomendable la visita al museo, hay piezas verdaderamente excepcionales como las estelas de piedra.",Hace 3 años,2020-03-23 12:17:28.395320,5.0,Javier Farrugia,0,0,https://www.google.com/maps/contrib/115528887105497572587?hl=es-ES
ChZDSUhNMG9nS0VJQ0FnSUNnd292RFV3EAEaFndOT2swcmM5RnNSdHJRbDI2aFZkTkE,Bonito museo,Hace 3 años,2020-03-23 12:17:35.945897,5.0,Da,71,0,https://www.google.com/maps/contrib/113070871670660608326?hl=es-ES
ChdDSUhNMG9nS0VJQ0FnSURndXNlY3dRRRABGhYtaFZ0MXlTMzN6WkdtdG4yR29jZXN3,Un desconocido en Badajoz que acoge piezas muy interesantes. Merece la pena una visita!!,Hace 3 años,2020-03-23 12:17:35.946894,5.0,José Luis Astasio,0,0,https://www.google.com/maps/contrib/114528924257889025899?hl=es-ES
ChZDSUhNMG9nS0VJQ0FnSUNBbnBIVlV3EAEaFjAxM0hIOWhPXzdjWmE5TDZUb3BDRXc,Recomendable la visita,Hace 3 años,2020-03-23 12:17:35.947891,5.0,JOSÉ LUIS LLERENA RUIZ,0,0,https://www.google.com/maps/contrib/117331451608817276191?hl=es-ES
ChdDSUhNMG9nS0VJQ0FnSURBcy12ai13RRABGhZRcjJQeDB3aHBJZDlRcHZhTjMwWVRn,Uno de los museos más completos de Extremadura ,Hace 3 años,2020-03-23 12:17:35.948889,5.0,Air Drone View,0,0,https://www.google.com/maps/contrib/116056956995962712351?hl=es-ES
ChdDSUhNMG9nS0VJQ0FnSUNRdk5ucDJ3RRABGhZmbkduOTlycVBqUkUzMk9FTGE3c2dR,"Muy bien, parada necesaria para los que vengan a ver la Alcazaba",Hace 3 años,2020-03-23 12:17:35.949888,5.0,David T,0,0,https://www.google.com/maps/contrib/106084616042517564503?hl=es-ES
ChdDSUhNMG9nS0VJQ0FnSURBOTktN3FRRRABGhZWQ2RlTkQtYmdxMXpSWmlVVkNYdnVB,Un lugar muy interesante,Hace 3 años,2020-03-23 12:17:35.950883,5.0,Cristian Dominguez,0,0,https://www.google.com/maps/contrib/102571914133383675800?hl=es-ES
ChZDSUhNMG9nS0VJQ0FnSURRMk5HbUlBEAEaFk1LNFR5c2lFUDlvZ2paeUtxNWQ4dFE,Esta muy bien.,Hace 3 años,2020-03-23 12:17:35.950883,5.0,jaime barg,63,0,https://www.google.com/maps/contrib/110412870518917174290?hl=es-ES
ChZDSUhNMG9nS0VJQ0FnSUN3MTQzMklnEAEaFjVGOHNhRnV5RFNYb1JjY0UtOTZhd0E,"Como vecino y usuario de Google Maps, opino que este museo es uno de los mejores que he visitado en la vida. Tiene piezas de casi todas las épocas de la historia pacense. Lo recomiendo. 🎦",Hace 4 años,2020-03-23 12:17:35.951880,5.0,Adahi David Montoya Vázquez,0,0,https://www.google.com/maps/contrib/112942385270470914263?hl=es-ES
ChZDSUhNMG9nS0VJQ0FnSURnZ3NYbUN3EAEaFjNLSlRvV09YR0tlZThnVmJGMmMzV1E,Interesante visita.,Hace 4 años,2020-03-23 12:17:35.952878,5.0,Ismael Molina,0,0,https://www.google.com/maps/contrib/111450725626048238657?hl=es-ES
ChdDSUhNMG9nS0VJQ0FnSUNRbkxHdXpnRRABGhY3bncwTkI5UExHcWctYnYzeTRTX1Rn,,Hace 4 años,2020-03-23 12:17:35.953876,4.0,Jesus Gomez Garcia,2,0,https://www.google.com/maps/contrib/115603241362779389179?hl=es-ES
