placename,place_id;id_review,caption,timestamp,rati,rating,username,n_photo_user,url_user;
Torre Espantaperros,ChIJF7oETzTkFg0RhSZUnkrwA2s;"ChZDSUhNMG9nS0VJQ0FnSUNjamFuTWFREAEaFlRDbHRaQ2d4Y3RrR2piQXR2Y1JySHc,""Arquitectura neoclásica,  el lugar merece la pena visitar."",hace 3 días,2020-03-23 13:39:54.143582,4.0,Francisco Sánchez González Sánchez,3765,0,https://www.google.com/maps/contrib/111954890370354918146?hl=es-ES";
Torre Espantaperros,ChIJF7oETzTkFg0RhSZUnkrwA2s;"ChdDSUhNMG9nS0VJQ0FnSUNjdVBtNm9nRRABGhZveGFLOWNKeGRMSTZTb0lodWtTNkV3,""Torre de siglo XII, una visita de paso."",Hace una semana,2020-03-23 13:39:54.144579,4.0,DonMontecristo4,0,0,https://www.google.com/maps/contrib/112533755532305723350?hl=es-ES";
Torre Espantaperros,ChIJF7oETzTkFg0RhSZUnkrwA2s;ChdDSUhNMG9nS0VJQ0FnSURzdXRqY2hRRRABGhZ4X2hwSGgzaURrc2Zha2tWaTktWkZR,Por su historia y lo que representa para la ciudad de Badajoz,Hace 3 semanas,2020-03-23 13:39:54.145577,5.0,Luis C Antúnez A,0,0,https://www.google.com/maps/contrib/110177685257836545960?hl=es-ES;
Torre Espantaperros,ChIJF7oETzTkFg0RhSZUnkrwA2s;ChZDSUhNMG9nS0VJQ0FnSURzbEtfR0lREAEaFmdTc0tmUUNXOFpCQ0RUUUU3MjlaekE,,Hace 3 semanas,2020-03-23 13:39:54.145577,4.0,Luís Valério,0,0,https://www.google.com/maps/contrib/104122755109221168502?hl=es-ES;
Torre Espantaperros,ChIJF7oETzTkFg0RhSZUnkrwA2s;"ChZDSUhNMG9nS0VJQ0FnSUNzajdEUlh3EAEaFnBaTHpyZWkzX2tjWEhzQjhhZTdiLXc,""(Traducido por Google) No podía entrar a la torre interior, así que solo podía ver externamente. Es difícil encontrar la entrada.  (Original) I couldn't enter the inside tower, so I just could see externally. It is difficult to find out the entrance."",Hace un mes,2020-03-23 13:39:54.146575,2.0,Carlos Lopes,56,0,https://www.google.com/maps/contrib/112479362684461196048?hl=es-ES";
Torre Espantaperros,ChIJF7oETzTkFg0RhSZUnkrwA2s;ChZDSUhNMG9nS0VJQ0FnSUNzMmQ2bERnEAEaFlRkaEcxb1Fna3VQQmhmYmVRTkJtTEE,,Hace un mes,2020-03-23 13:39:54.147572,5.0,NoeRuth25,2,0,https://www.google.com/maps/contrib/117895083601184740358?hl=es-ES;
Torre Espantaperros,ChIJF7oETzTkFg0RhSZUnkrwA2s;ChZDSUhNMG9nS0VJQ0FnSUNzaG8taElnEAEaFlZ6cWZfYWFTakpuRlJnWUJIa0JHYnc,Para una rápida visita de paso,Hace un mes,2020-03-23 13:39:54.148569,3.0,Hector Sanchez,0,0,https://www.google.com/maps/contrib/100840646420456218197?hl=es-ES;
Torre Espantaperros,ChIJF7oETzTkFg0RhSZUnkrwA2s;ChdDSUhNMG9nS0VJQ0FnSUNzaElHWnlBRRABGhYzWEdyeEtsOTQ5Z0NfVDk4VDMwU2JR,,Hace 2 meses,2020-03-23 13:39:54.149566,5.0,Daniel Calderón,0,0,https://www.google.com/maps/contrib/100380987915980543088?hl=es-ES;
Torre Espantaperros,ChIJF7oETzTkFg0RhSZUnkrwA2s;ChZDSUhNMG9nS0VJQ0FnSURNbDktV0lREAEaFm9ESEY3YnZzRFBqTWxxZnF0TVBuVXc,,Hace 2 meses,2020-03-23 13:39:54.150563,4.0,Ezio Crevellaro,0,0,https://www.google.com/maps/contrib/102544926069498225099?hl=es-ES;
Torre Espantaperros,ChIJF7oETzTkFg0RhSZUnkrwA2s;ChZDSUhNMG9nS0VJQ0FnSURNaWNDN0NREAEaFmI3RTV1OXpvYlVzbWZLM1hxUHZSOHc,,Hace 2 meses,2020-03-23 13:39:54.151560,5.0,pâol,3,0,https://www.google.com/maps/contrib/102323170431346865704?hl=es-ES;
Torre Espantaperros,ChIJF7oETzTkFg0RhSZUnkrwA2s;ChZDSUhNMG9nS0VJQ0FnSURNeHZfSkpBEAEaFkhOVW90cEh3clQtaWV1RkpuT29ER1E,,Hace 2 meses,2020-03-23 13:39:54.152558,5.0,Alex Barras,0,0,https://www.google.com/maps/contrib/107908542024705507417?hl=es-ES;
Torre Espantaperros,ChIJF7oETzTkFg0RhSZUnkrwA2s;ChZDSUhNMG9nS0VJQ0FnSURNa3ZPM1VREAEaFnBuWWY3SzZ0X3RMYjlMc3o4NFpPbHc,Muy bonita,Hace 2 meses,2020-03-23 13:39:54.153556,5.0,Daideas 21,0,0,https://www.google.com/maps/contrib/108777827415858009860?hl=es-ES;
Torre Espantaperros,ChIJF7oETzTkFg0RhSZUnkrwA2s;ChdDSUhNMG9nS0VJQ0FnSUNNdTRlUjBBRRABGhZvemQxQUdCMjh6bVhVNU5Lc0dGQmpB,Las vistas son estupendas la pena es qué Badajoz está un poco dejada por zona,Hace 3 meses,2020-03-23 13:39:54.154553,5.0,Tato Banito,0,0,https://www.google.com/maps/contrib/105497791557746959055?hl=es-ES;
Torre Espantaperros,ChIJF7oETzTkFg0RhSZUnkrwA2s;ChZDSUhNMG9nS0VJQ0FnSUNNczZEV0t3EAEaFnZJMlJKNndJX2lLLVo0b3U2bjJLN1E,Vistas desde arriba preciosas,Hace 3 meses,2020-03-23 13:39:54.154553,5.0,manue snt,0,0,https://www.google.com/maps/contrib/114021978151835440559?hl=es-ES;
Torre Espantaperros,ChIJF7oETzTkFg0RhSZUnkrwA2s;ChdDSUhNMG9nS0VJQ0FnSUQwdWZET29nRRABGhY3RjBxakdPSnZTMUhHOU4yb0JsVUxR,,Hace 3 meses,2020-03-23 13:39:54.155550,4.0,Joaquin Larios,8,0,https://www.google.com/maps/contrib/112738265155928558743?hl=es-ES;
Torre Espantaperros,ChIJF7oETzTkFg0RhSZUnkrwA2s;ChdDSUhNMG9nS0VJQ0FnSUQwdzRUMm1RRRABGhZYTUJ1aktMWmVYMFkwUy1vM3l1a2dn,Torre albarrana de la Alcazaba Almohade del Siglo XII. Era una torre vigía y la más alta de la Alcazaba.Su nombre Espantaperros proviene del gran estruendo que producía una campana que ocupaba su parte superior.,Hace 4 meses,2020-03-23 13:39:54.157555,5.0,Jose Luis Torres,0,0,https://www.google.com/maps/contrib/107889677402921345083?hl=es-ES;
Torre Espantaperros,ChIJF7oETzTkFg0RhSZUnkrwA2s;ChZDSUhNMG9nS0VJQ0FnSUQwcmJMT1pREAEaFkhXZm11QU5DbTVxQ1lBellpMi03RWc,,Hace 4 meses,2020-03-23 13:39:54.163530,5.0,Joaquim Costa,0,0,https://www.google.com/maps/contrib/116193850272654281863?hl=es-ES;
Torre Espantaperros,ChIJF7oETzTkFg0RhSZUnkrwA2s;ChZDSUhNMG9nS0VJQ0FnSUQwdWZhTEd3EAEaFk5wVFBSY2psUU1yM011c0FJZHRiZ3c,,Hace 4 meses,2020-03-23 13:39:54.164526,4.0,Angel Minguez Lassa,0,0,https://www.google.com/maps/contrib/101463316422086714172?hl=es-ES;
Torre Espantaperros,ChIJF7oETzTkFg0RhSZUnkrwA2s;ChZDSUhNMG9nS0VJQ0FnSUQwenUtZWJBEAEaFndGcXh4ckEwbVNlNGMyLWgzMVRlOFE,En la alcazaba de Badajoz,Hace 4 meses,2020-03-23 13:39:54.165526,5.0,Diego Ortiz,0,0,https://www.google.com/maps/contrib/105782016947456433864?hl=es-ES;
Torre Espantaperros,ChIJF7oETzTkFg0RhSZUnkrwA2s;ChdDSUhNMG9nS0VJQ0FnSUQwc0pYR213RRABGhZGY2hBZ3VuN0poV0lET05Wdlg2eUR3,,Hace 5 meses,2020-03-23 13:39:54.166521,4.0,S s,2,0,https://www.google.com/maps/contrib/104835456963681280058?hl=es-ES;
Torre Espantaperros,ChIJF7oETzTkFg0RhSZUnkrwA2s;"ChdDSUhNMG9nS0VJQ0FnSUMwX2EtOXBRRRABGhY2a3Fwd1lwcUp5NUhwcHFLN1lXaUVR,""Historia,emblema pacense"",Hace 5 meses,2020-03-23 13:40:00.548933,5.0,MARIA DEL MAR CORDERO ALVEZ,0,0,https://www.google.com/maps/contrib/110240354136791133874?hl=es-ES";
Torre Espantaperros,ChIJF7oETzTkFg0RhSZUnkrwA2s;ChdDSUhNMG9nS0VJQ0FnSUMwOGJXVjlnRRABGhZqQkFNQXlOQ3JUWE4xSHBfZnVhNEpn,,Hace 5 meses,2020-03-23 13:40:00.549930,5.0,julio ruiz,0,0,https://www.google.com/maps/contrib/107741683330463241632?hl=es-ES;
Torre Espantaperros,ChIJF7oETzTkFg0RhSZUnkrwA2s;ChZDSUhNMG9nS0VJQ0FnSUMwNGM2dUpnEAEaFjRBd01oMU1iWjlwUno5X09UZGRhbFE,,Hace 5 meses,2020-03-23 13:40:00.550926,5.0,Kennereth Mon,4,0,https://www.google.com/maps/contrib/116179528408353831924?hl=es-ES;
Torre Espantaperros,ChIJF7oETzTkFg0RhSZUnkrwA2s;ChZDSUhNMG9nS0VJQ0FnSUMwNXR6ckd3EAEaFnB1NjlaZ1RGZl9IejN4N2FGcTJ5MWc,,Hace 5 meses,2020-03-23 13:40:00.551924,5.0,Alvaro Moralo Ruiz,33,0,https://www.google.com/maps/contrib/111182054228025647502?hl=es-ES;
Torre Espantaperros,ChIJF7oETzTkFg0RhSZUnkrwA2s;ChdDSUhNMG9nS0VJQ0FnSUMwbExDTzFRRRABGhZQZDkyZnRQYWhTYXoxSURoYnAwZVZ3,,Hace 6 meses,2020-03-23 13:40:00.552922,4.0,Boni Rubio,0,0,https://www.google.com/maps/contrib/108543188685941742990?hl=es-ES;
Torre Espantaperros,ChIJF7oETzTkFg0RhSZUnkrwA2s;ChZDSUhNMG9nS0VJQ0FnSUMwa003a053EAEaFko4MzdUM0R0RXpEMUFuaXFDOEFrRHc,,Hace 6 meses,2020-03-23 13:40:00.553919,5.0,Maria del Mar Méndez Hernández,0,0,https://www.google.com/maps/contrib/106435309889943924190?hl=es-ES;
Torre Espantaperros,ChIJF7oETzTkFg0RhSZUnkrwA2s;ChdDSUhNMG9nS0VJQ0FnSURVaGJiNjV3RRABGhY2ZEdLaFZPcnlHamszNVg4RGpZc21B,,Hace 6 meses,2020-03-23 13:40:00.553919,5.0,Mapfre Salud,4,0,https://www.google.com/maps/contrib/115427031232242292535?hl=es-ES;
Torre Espantaperros,ChIJF7oETzTkFg0RhSZUnkrwA2s;"ChdDSUhNMG9nS0VJQ0FnSURVc2JHZXd3RRABGhZuTDRzRVdfRTdFbkVOMWRMRmNuUUpB,""En la Alcazaba, entre la Plaza Alta y los Jardines de Galera nos encontramos con esta impresionante torre de  extraño nombre """"Espantaperros"""". Es uno de los elementos icónicos de la ciudad. La Torre del Oro de Sevilla se inspiró en esta, pues el arquitecto de ambas construcciones fue el mismo, pero la de Espantaperros fue antes. De visita obligada sin duda."",Hace 6 meses,2020-03-23 13:40:00.554916,4.0,Jose R. Canovas,0,0,https://www.google.com/maps/contrib/100126003565547028055?hl=es-ES";
Torre Espantaperros,ChIJF7oETzTkFg0RhSZUnkrwA2s;ChZDSUhNMG9nS0VJQ0FnSURVa2YyZFdREAEaFlRJMjAzNmtHUzlHRGpmQmFWT0wyNmc,Es un lugar increíble.,Hace 6 meses,2020-03-23 13:40:00.555914,5.0,Julio Rivera,0,0,https://www.google.com/maps/contrib/101557602862342799689?hl=es-ES;
Torre Espantaperros,ChIJF7oETzTkFg0RhSZUnkrwA2s;ChdDSUhNMG9nS0VJQ0FnSURVcnJDbXVBRRABGhZEMkJjVmMzemRvSVF2WEI5ZW9BTGRn,,Hace 6 meses,2020-03-23 13:40:00.556911,5.0,Fernando Montes,1,0,https://www.google.com/maps/contrib/116824412963334553546?hl=es-ES;
Torre Espantaperros,ChIJF7oETzTkFg0RhSZUnkrwA2s;ChZDSUhNMG9nS0VJQ0FnSURVNXJPSUpREAEaFm5kRXFCR2p5YXVWUFJzSl9Iazg3ZUE,,Hace 7 meses,2020-03-23 13:40:06.849498,3.0,MAIKA SAN JOSE,0,0,https://www.google.com/maps/contrib/114871979622443710018?hl=es-ES;
Torre Espantaperros,ChIJF7oETzTkFg0RhSZUnkrwA2s;ChdDSUhNMG9nS0VJQ0FnSURVeHItWTNnRRABGhYxUGxhaUthWTliMGxkODlaR1pudjRB,(Traducido por Google) Hermosa  (Original) Bonito,Hace 7 meses,2020-03-23 13:40:06.850495,4.0,fernando vitorino,0,0,https://www.google.com/maps/contrib/106767257413041897585?hl=es-ES;
Torre Espantaperros,ChIJF7oETzTkFg0RhSZUnkrwA2s;ChdDSUhNMG9nS0VJQ0FnSURVLXUzeHlRRRABGhZrTGdVajViSDZPUk13YUU0VkRycmVR,,Hace 7 meses,2020-03-23 13:40:06.851492,4.0,Gbarros Barros,2,0,https://www.google.com/maps/contrib/107933887186250942289?hl=es-ES;
Torre Espantaperros,ChIJF7oETzTkFg0RhSZUnkrwA2s;ChdDSUhNMG9nS0VJQ0FnSURVdUxHbXVRRRABGhZEWFhvQ0F4MHkwak5QNVRpOExvXzFB,,Hace 7 meses,2020-03-23 13:40:06.852490,5.0,Valentin Parra,0,0,https://www.google.com/maps/contrib/102387076362172073597?hl=es-ES;
Torre Espantaperros,ChIJF7oETzTkFg0RhSZUnkrwA2s;ChdDSUhNMG9nS0VJQ0FnSURVeVBpQTBRRRABGhZvWmdaSGJTV3JIVTVMbXFMTE9QVEJB,,Hace 7 meses,2020-03-23 13:40:06.852490,5.0,Pedro Teixeira,0,0,https://www.google.com/maps/contrib/107867140315498140246?hl=es-ES;
Torre Espantaperros,ChIJF7oETzTkFg0RhSZUnkrwA2s;ChdDSUhNMG9nS0VJQ0FnSUNVc2M3MjR3RRABGhZ4SlhKc1hHREx3am40Z0w2M0lNXzFn,,Hace 7 meses,2020-03-23 13:40:06.853487,5.0,María del Carmen Pacífico Martínez,2,0,https://www.google.com/maps/contrib/105911862461846530147?hl=es-ES;
Torre Espantaperros,ChIJF7oETzTkFg0RhSZUnkrwA2s;ChZDSUhNMG9nS0VJQ0FnSUNVb0pQc2V3EAEaFmFWbTlRZHlNVmN5VWIyU01ZWTlEMXc,,Hace 8 meses,2020-03-23 13:40:06.854484,5.0,Club Natación Badajoz,0,0,https://www.google.com/maps/contrib/116848873618406311578?hl=es-ES;
Torre Espantaperros,ChIJF7oETzTkFg0RhSZUnkrwA2s;"ChdDSUhNMG9nS0VJQ0FnSURrbnItdHBRRRABGhY1M1JXUFJuQkl3UjUwUmJmT19MVDZB,""Si la abren, las vistas son espectaculares."",Hace 8 meses,2020-03-23 13:40:06.855482,5.0,Pepita Lozano,1,0,https://www.google.com/maps/contrib/102556324050752312498?hl=es-ES";
Torre Espantaperros,ChIJF7oETzTkFg0RhSZUnkrwA2s;ChZDSUhNMG9nS0VJQ0FnSURrbnNYS1NnEAEaFktOeDNoYnlWNl8zZTNWSEZmOG54dGc,,Hace 8 meses,2020-03-23 13:40:06.856479,3.0,Elisa BR,0,0,https://www.google.com/maps/contrib/117369291441642217181?hl=es-ES;
Torre Espantaperros,ChIJF7oETzTkFg0RhSZUnkrwA2s;ChRDSUhNMG9nS0VJQ0FnSURrbnJ4MxABGhZSTEhrOTdneml0N25DcDJXTHQ1TDRR,,Hace 8 meses,2020-03-23 13:40:06.857476,5.0,Cristian Correa Rodriguez,0,0,https://www.google.com/maps/contrib/116842722757354342286?hl=es-ES;
Torre Espantaperros,ChIJF7oETzTkFg0RhSZUnkrwA2s;ChZDSUhNMG9nS0VJQ0FnSURrX09hNEhBEAEaFkRLV2tFbDdWSUdCSGR5d2l3V2JDMWc,Un sitio donde olvidarte de los problemas,Hace 8 meses,2020-03-23 13:40:13.227168,5.0,Raul Dicente,0,0,https://www.google.com/maps/contrib/109180249073812061749?hl=es-ES;
Torre Espantaperros,ChIJF7oETzTkFg0RhSZUnkrwA2s;ChdDSUhNMG9nS0VJQ0FnSUNrN09fcTd3RRABGhY1am0zMUcwWlZWa3VQN1d0ZWZ1UlNB,,Hace 9 meses,2020-03-23 13:40:13.228165,5.0,José María Parra López,2,0,https://www.google.com/maps/contrib/115524077927464379771?hl=es-ES;
Torre Espantaperros,ChIJF7oETzTkFg0RhSZUnkrwA2s;ChdDSUhNMG9nS0VJQ0FnSUM0bVpERjFRRRABGhYtVWFlYjkxU2NFQzFyLVBCWHl0QVpB,Es uno de los lugares más emblemáticos de la ciudad. Merece la pena subir cuando se pueda. También hay unos jardinitos muy bonitos cerca en que leer y descansar.,Hace 9 meses,2020-03-23 13:40:13.229162,5.0,A. Ayres,0,0,https://www.google.com/maps/contrib/110978404681614096765?hl=es-ES;
Torre Espantaperros,ChIJF7oETzTkFg0RhSZUnkrwA2s;ChdDSUhNMG9nS0VJQ0FnSUM0a05UcW13RRABGhY4cm14QW56UkJqQTUtSGNpN2hwcUVn,Monumento simbólico de Badajoz,Hace 9 meses,2020-03-23 13:40:13.230159,5.0,Sergio ssh,0,0,https://www.google.com/maps/contrib/104657996138209731022?hl=es-ES;
Torre Espantaperros,ChIJF7oETzTkFg0RhSZUnkrwA2s;ChdDSUhNMG9nS0VJQ0FnSURZMTVPTDVnRRABGhZ1N2VHX1JsOEpyTGJndUV6MkdUdVVB,Sin más,Hace 9 meses,2020-03-23 13:40:13.231157,2.0,Ivory Aguayo,0,0,https://www.google.com/maps/contrib/117900205149138500364?hl=es-ES;
Torre Espantaperros,ChIJF7oETzTkFg0RhSZUnkrwA2s;ChdDSUhNMG9nS0VJQ0FnSURZbDVuYnpnRRABGhY3WjVxbGxvRzZIanBsYnlTalpnUmRn,,Hace 9 meses,2020-03-23 13:40:13.232154,4.0,Savier Osorio,0,0,https://www.google.com/maps/contrib/114263320054292202079?hl=es-ES;
Torre Espantaperros,ChIJF7oETzTkFg0RhSZUnkrwA2s;"ChZDSUhNMG9nS0VJQ0FnSURZcV9ybEZBEAEaFkp5WnZaLXRrQ2pqWEJmYkRrLUtESWc,""Es uno de nuestros monumentos, de nuestra historia, hay que verlo."",Hace 10 meses,2020-03-23 13:40:13.233151,5.0,Consuelo Olmo del Olmo,0,0,https://www.google.com/maps/contrib/104252541798958269264?hl=es-ES";
Torre Espantaperros,ChIJF7oETzTkFg0RhSZUnkrwA2s;ChZDSUhNMG9nS0VJQ0FnSURZOWFtd01BEAEaFmJ5NGZKZXRXMElDZkp2MWdfd28xdFE,,Hace 10 meses,2020-03-23 13:40:13.234150,3.0,eunice jacinto,0,0,https://www.google.com/maps/contrib/103968005786399053012?hl=es-ES;
Torre Espantaperros,ChIJF7oETzTkFg0RhSZUnkrwA2s;ChdDSUhNMG9nS0VJQ0FnSURZd2Z6NW9BRRABGhZsR1dTNW52Wm53b0MtZkVuaVJaNTBB,Una torre que sirve de símbolo a la ciudad de Badajoz,Hace 10 meses,2020-03-23 13:40:13.235146,5.0,Raúl Garcia Higueras,0,0,https://www.google.com/maps/contrib/101626307772278469654?hl=es-ES;
Torre Espantaperros,ChIJF7oETzTkFg0RhSZUnkrwA2s;ChZDSUhNMG9nS0VJQ0FnSURZcHFpMUF3EAEaFnktOTd5VHVIUkFxWlpCMGFycmVNY0E,,Hace 10 meses,2020-03-23 13:40:13.236143,5.0,mia mia,1,0,https://www.google.com/maps/contrib/102212700750370136315?hl=es-ES;
Torre Espantaperros,ChIJF7oETzTkFg0RhSZUnkrwA2s;ChZDSUhNMG9nS0VJQ0FnSURZeXRPTlpREAEaFlhDU21OSXdrdUY3Ym4yaHhnVm1tZFE,Un sitio icónico para ir!,Hace 10 meses,2020-03-23 13:40:19.622699,5.0,Antonio Toscano,0,0,https://www.google.com/maps/contrib/118016227211165849466?hl=es-ES;
Torre Espantaperros,ChIJF7oETzTkFg0RhSZUnkrwA2s;ChdDSUhNMG9nS0VJQ0FnSURZOU9ycnVBRRABGhZPbGMyMWxMYWphSnNZYVQ4cTluMWZ3,Lugar muy bonito de ver y unas vistas muy bonitas.,Hace 10 meses,2020-03-23 13:40:19.623696,5.0,Mirella Estacio,0,0,https://www.google.com/maps/contrib/104425241273054097790?hl=es-ES;
Torre Espantaperros,ChIJF7oETzTkFg0RhSZUnkrwA2s;ChdDSUhNMG9nS0VJQ0FnSURZbUppZC13RRABGhZqOWFUenVDVnFScWxaTHFZTC0yVV9R,,Hace 10 meses,2020-03-23 13:40:19.625692,5.0,Thaluana Santos,0,0,https://www.google.com/maps/contrib/112995094967611395151?hl=es-ES;
Torre Espantaperros,ChIJF7oETzTkFg0RhSZUnkrwA2s;ChZDSUhNMG9nS0VJQ0FnSUNZNUp2amNnEAEaFmt5cnMyUFJ2UEtHdUhSU3BNeDlSR2c,(Traducido por Google) Una de las referencias de la muralla de la ciudad de Badajoz. Está situada cerca de la preciosa Plaza Alta.  (Original) Uma das referências da muralha da cidade de Badajoz. Está situada perto da belíssima Praça Alta.,Hace 11 meses,2020-03-23 13:40:19.626689,4.0,Mário Correia,2119,0,https://www.google.com/maps/contrib/113188734017251816464?hl=es-ES;
Torre Espantaperros,ChIJF7oETzTkFg0RhSZUnkrwA2s;ChdDSUhNMG9nS0VJQ0FnSUNZbUtYQzRRRRABGhZMYi1vaklNaVpVemNxcHF4bzhFZmhB,Genial,Hace 11 meses,2020-03-23 13:40:19.626689,5.0,Francisco RR,0,0,https://www.google.com/maps/contrib/115486274348961462968?hl=es-ES;
Torre Espantaperros,ChIJF7oETzTkFg0RhSZUnkrwA2s;ChZDSUhNMG9nS0VJQ0FnSUNZeUp2TkZ3EAEaFlE2NkZ1MGV3TlhPbUlSbU9acTlIcHc,Vistas preciosas de Badajoz y su plaza alta,Hace 11 meses,2020-03-23 13:40:19.627686,4.0,Mariano Pozas,0,0,https://www.google.com/maps/contrib/112967586361604492649?hl=es-ES;
Torre Espantaperros,ChIJF7oETzTkFg0RhSZUnkrwA2s;ChdDSUhNMG9nS0VJQ0FnSUNZa0lyTDJRRRABGhZjM0g0blh4Z1lMQ0IwWW91NEExanZ3,Tiene un encanto especial,Hace 11 meses,2020-03-23 13:40:19.628683,5.0,Mercedes Falero Alvarez,0,0,https://www.google.com/maps/contrib/102611844628311911512?hl=es-ES;
Torre Espantaperros,ChIJF7oETzTkFg0RhSZUnkrwA2s;ChdDSUhNMG9nS0VJQ0FnSUNZb0t1R293RRABGhYtb0FndlNIX0p4cHdIMy1fa0hOaGxn,,Hace 11 meses,2020-03-23 13:40:19.629680,5.0,Trung Lý Hữu,0,0,https://www.google.com/maps/contrib/105232889363361660022?hl=es-ES;
Torre Espantaperros,ChIJF7oETzTkFg0RhSZUnkrwA2s;ChZDSUhNMG9nS0VJQ0FnSURvN3VmelZ3EAEaFjFrUlo5VkVCN3luWWdlQ2lrRXVFRHc,,Hace un año,2020-03-23 13:40:19.630678,3.0,Jose Antonio Baviera,0,0,https://www.google.com/maps/contrib/106064786100385273753?hl=es-ES;
Torre Espantaperros,ChIJF7oETzTkFg0RhSZUnkrwA2s;ChZDSUhNMG9nS0VJQ0FnSURvclBYaFJnEAEaFldReWotWm1RNU1SWE1UYjZ0cTFPa2c,,Hace un año,2020-03-23 13:40:19.631675,3.0,jose j rocha Moreira,3,0,https://www.google.com/maps/contrib/116722826295078088265?hl=es-ES;
Torre Espantaperros,ChIJF7oETzTkFg0RhSZUnkrwA2s;ChdDSUhNMG9nS0VJQ0FnSURvNkltaHNBRRABGhZTc2lGdHJSOWRpRDZBLXFXUkIxMjlB,,Hace un año,2020-03-23 13:40:26.065432,5.0,juanluis G.A.,0,0,https://www.google.com/maps/contrib/116496048960252937514?hl=es-ES;
Torre Espantaperros,ChIJF7oETzTkFg0RhSZUnkrwA2s;ChZDSUhNMG9nS0VJQ0FnSUNvcDltOFhnEAEaFmdhMXg3blJnZmtqQlUwVWVjQXhYV0E,,Hace un año,2020-03-23 13:40:26.066430,4.0,ngarcia,0,0,https://www.google.com/maps/contrib/109791287573044581480?hl=es-ES;
Torre Espantaperros,ChIJF7oETzTkFg0RhSZUnkrwA2s;ChdDSUhNMG9nS0VJQ0FnSUNvOVl2Z3R3RRABGhZZYW9xYlpxcDBFLVNTTTJjazdZUGVR,,Hace un año,2020-03-23 13:40:26.067427,5.0,Splatterman,0,0,https://www.google.com/maps/contrib/111888199510228166714?hl=es-ES;
Torre Espantaperros,ChIJF7oETzTkFg0RhSZUnkrwA2s;ChZDSUhNMG9nS0VJQ0FnSUNvc2ZLY2NnEAEaFjl2SXpFbG8ySm9wQVlwaVZPWEpscFE,,Hace un año,2020-03-23 13:40:26.068425,5.0,Jaime San Millan,0,0,https://www.google.com/maps/contrib/106567430030396093656?hl=es-ES;
Torre Espantaperros,ChIJF7oETzTkFg0RhSZUnkrwA2s;ChRDSUhNMG9nS0VJQ0FnSUNRcnB3ZxABGhZ6MFRscFA4QWhTZlotT0pybnhYcXB3,,Hace un año,2020-03-23 13:40:26.069422,5.0,Roberto Gm,0,0,https://www.google.com/maps/contrib/112521051013640033903?hl=es-ES;
Torre Espantaperros,ChIJF7oETzTkFg0RhSZUnkrwA2s;ChdDSUhNMG9nS0VJQ0FnSUNvM3FPdmpRRRABGhY5ZnVTSkhzOWljckRvTG5jTXRlZHdn,,Hace un año,2020-03-23 13:40:26.069422,5.0,Chris Gameiro,0,0,https://www.google.com/maps/contrib/103153557498830124684?hl=es-ES;
Torre Espantaperros,ChIJF7oETzTkFg0RhSZUnkrwA2s;ChdDSUhNMG9nS0VJQ0FnSUNvOHJYZzNBRRABGhZBMVF4bHN0c0E2R1FHdXJmdnVvdXJB,,Hace un año,2020-03-23 13:40:26.070419,5.0,Fabiana Machado,0,0,https://www.google.com/maps/contrib/102346116532787409998?hl=es-ES;
Torre Espantaperros,ChIJF7oETzTkFg0RhSZUnkrwA2s;ChdDSUhNMG9nS0VJQ0FnSUNvbVBtUDV3RRABGhZEOG5scnF1WHM4SDVWLU1YTGF3bHFR,Hay q verlo,Hace un año,2020-03-23 13:40:26.071416,4.0,Amelia Heras Esteban,20,0,https://www.google.com/maps/contrib/101882673235689871511?hl=es-ES;
Torre Espantaperros,ChIJF7oETzTkFg0RhSZUnkrwA2s;ChZDSUhNMG9nS0VJQ0FnSUNvcU9lOVVnEAEaFktQUTduZmhfcmswUWtvZThKckRtTVE,,Hace un año,2020-03-23 13:40:26.072414,5.0,Gaby Jimenez,0,0,https://www.google.com/maps/contrib/112336204993603206539?hl=es-ES;
Torre Espantaperros,ChIJF7oETzTkFg0RhSZUnkrwA2s;ChZDSUhNMG9nS0VJQ0FnSUNvaU1tV0lnEAEaFjBrVkpHcHZLRDJzQ3pjcFAzakVlSXc,Es un lugar previligiado para ver toda la ciudad de badajoz,Hace un año,2020-03-23 13:40:26.073411,2.0,Antonio Gomez valades,17,0,https://www.google.com/maps/contrib/114652067692054472963?hl=es-ES;
Torre Espantaperros,ChIJF7oETzTkFg0RhSZUnkrwA2s;ChZDSUhNMG9nS0VJQ0FnSURJbDZuSVBBEAEaFndlTk5kZTF0b2EwZnhweW9yWkZ0THc,,Hace un año,2020-03-23 13:40:32.583507,5.0,Lorenzo Méndez,17,0,https://www.google.com/maps/contrib/100907424949306638253?hl=es-ES;
Torre Espantaperros,ChIJF7oETzTkFg0RhSZUnkrwA2s;ChdDSUhNMG9nS0VJQ0FnSUNJZ1lXZWl3RRABGhZUWU52d3E2SWZSVnBUdHExaFhNMVNB,Bonito monumento,Hace un año,2020-03-23 13:40:32.584508,4.0,rafa hidalgo,0,0,https://www.google.com/maps/contrib/112190005260214430218?hl=es-ES;
Torre Espantaperros,ChIJF7oETzTkFg0RhSZUnkrwA2s;ChZDSUhNMG9nS0VJQ0FnSURJN2ZiNldBEAEaFjVkTzJVeG4yMFExdTQ3cmdkNDJSZGc,,Hace un año,2020-03-23 13:40:32.585503,5.0,mariangeles porro,0,0,https://www.google.com/maps/contrib/103418334035966395918?hl=es-ES;
Torre Espantaperros,ChIJF7oETzTkFg0RhSZUnkrwA2s;ChdDSUhNMG9nS0VJQ0FnSURJbGVtLXVRRRABGhY0QmthamNacTBRY0QwSGJfTDdSSnd3,,Hace un año,2020-03-23 13:40:32.586475,5.0,Jaspirk Jas,0,0,https://www.google.com/maps/contrib/110894083591391702525?hl=es-ES;
Torre Espantaperros,ChIJF7oETzTkFg0RhSZUnkrwA2s;ChdDSUhNMG9nS0VJQ0FnSURJdWFXMmt3RRABGhZHVzJjc1BzcmFJcnVkUlVtdlFXS0tB,La tienen muy bien atendida y limpia. Toda la zona de jardines y paseo ha mejorado muchísimo. La plaza con sus arcos es espectacular. El restaurante es obligado de entrar a comer.,Hace un año,2020-03-23 13:40:32.586475,5.0,Tino Triqui,0,0,https://www.google.com/maps/contrib/114001957461434146065?hl=es-ES;
Torre Espantaperros,ChIJF7oETzTkFg0RhSZUnkrwA2s;ChZDSUhNMG9nS0VJQ0FnSURJanB2SlVREAEaFnl6VG13RmYxQjI0R21jRmRQOS1ITXc,,Hace un año,2020-03-23 13:40:32.587497,4.0,Carlos Palomo Jociles,0,0,https://www.google.com/maps/contrib/118093578411875481631?hl=es-ES;
Torre Espantaperros,ChIJF7oETzTkFg0RhSZUnkrwA2s;ChdDSUhNMG9nS0VJQ0FnSURJOXF1MXZRRRABGhY1VGdidWJ3RldnMlVLamVrZmRXbm9n,Muy bonita. Me encanta!,Hace un año,2020-03-23 13:40:32.588495,5.0,Rafa Barragán G-L,0,0,https://www.google.com/maps/contrib/115040608122903848982?hl=es-ES;
Torre Espantaperros,ChIJF7oETzTkFg0RhSZUnkrwA2s;ChZDSUhNMG9nS0VJQ0FnSURJOW9IY0JBEAEaFlRXM0RlbmpDQkJUT2dEVzFYUC1YUHc,(Traducido por Google) Es un monumento fantástico situado dentro de la Alcazaba de Badajoz junto a la Plaza Alta. Todo el espacio envolvente es magnífico y monumental. La zona fue restaurada manteniendo la traza original. El paisaje que de allí se ve sobre Badajoz es deslumbrante. El aparcamiento es difícil por lo que debe estar preparado para caminar. Puedo asegurar que vale la pena la visita.  (Original) É um monumento fantástico situado dentro da Alcazaba de Badajoz junto à Praça Alta. Todo o espaço envolvente é magnifico e monumental. A zona foi toda restaurada mantendo a traça original. A paisagem que dali se avista sobre Badajoz é deslumbrante. O Estacionamento é difícil pelo que deve estar preparado para caminhar. Posso garantir que vale bem a pena a visita.,Hace un año,2020-03-23 13:40:32.589507,5.0,José Serrano,0,0,https://www.google.com/maps/contrib/112379900809439485647?hl=es-ES;
Torre Espantaperros,ChIJF7oETzTkFg0RhSZUnkrwA2s;ChdDSUhNMG9nS0VJQ0FnSURJbHZybHhBRRABGhY3M2VYa0lEUV9UY0poamJudGJpRm9B,,Hace un año,2020-03-23 13:40:32.590464,5.0,Ainhoa Zobaran Fernandez de Larrinoa,0,0,https://www.google.com/maps/contrib/104265500992558578356?hl=es-ES;
Torre Espantaperros,ChIJF7oETzTkFg0RhSZUnkrwA2s;ChZDSUhNMG9nS0VJQ0FnSURJeXNqSEp3EAEaFlZyRWxQUHJ3RkZaUlNCYXVzMk1nVVE,,Hace un año,2020-03-23 13:40:32.591486,4.0,yolanda lópez,0,0,https://www.google.com/maps/contrib/108012301725139702890?hl=es-ES;
Torre Espantaperros,ChIJF7oETzTkFg0RhSZUnkrwA2s;ChdDSUhNMG9nS0VJQ0FnSUNJMzdUQ3FBRRABGhZPV3NDZzJ4elVualRXdE5Ya25aZExR,Monumento para visitar con calzado cómodo. No tiene acceso para sillas de ruedas ya que hay que subir escaleras.Las vistas desde arriba son espectaculares.No está siempre abierto,Hace un año,2020-03-23 13:40:39.185642,4.0,Lola,0,0,https://www.google.com/maps/contrib/107604977069818571004?hl=es-ES;
Torre Espantaperros,ChIJF7oETzTkFg0RhSZUnkrwA2s;ChZDSUhNMG9nS0VJQ0FnSUNJNy1xb2FREAEaFmRzVDc3QmVrU2dwVU9Za3JhZUh4TUE,,Hace un año,2020-03-23 13:40:39.186639,3.0,aNGela felício,0,0,https://www.google.com/maps/contrib/106797017797268724188?hl=es-ES;
Torre Espantaperros,ChIJF7oETzTkFg0RhSZUnkrwA2s;ChdDSUhNMG9nS0VJQ0FnSUNJcl9fTzF3RRABGhZFRnNtMlJZM3plNlhJWV80cjhQZlVn,Espectacular,Hace un año,2020-03-23 13:40:39.187636,5.0,Markosiris,0,0,https://www.google.com/maps/contrib/111163703237243238297?hl=es-ES;
Torre Espantaperros,ChIJF7oETzTkFg0RhSZUnkrwA2s;ChdDSUhNMG9nS0VJQ0FnSUNJajVLLTF3RRABGhZieFBuSmd2WTZpR0JHbVpHSWd2bThB,,Hace un año,2020-03-23 13:40:39.190628,5.0,Marisol Bugarín,0,0,https://www.google.com/maps/contrib/110184510430023457805?hl=es-ES;
Torre Espantaperros,ChIJF7oETzTkFg0RhSZUnkrwA2s;ChZDSUhNMG9nS0VJQ0FnSUNJbDVfZU1nEAEaFkF5UkRzc0RuSERvUGlvVXZOQUxnY1E,Vistas espectaculares y  la torre es preciosa; solo que deberían abrirlo más veces.,Hace un año,2020-03-23 13:40:39.191625,4.0,Pablo R.,0,0,https://www.google.com/maps/contrib/100573688358038339866?hl=es-ES
Torre Espantaperros,ChIJF7oETzTkFg0RhSZUnkrwA2s;ChdDSUhNMG9nS0VJQ0FnSUNJcDlhRmhnRRABGhY4dllyRThtRVdmUnYxSUJ3bzk3OWRn,Si estas de visita en Badajoz se debe visitar esta área. Bonita vista y algo diferente. Se puede caminar y acceder libremente a cualquier hora. Y alcanzar a ver el atardecer.,Hace un año,2020-03-23 13:40:39.192623,5.0,Ilka Quintero,0,0,https://www.google.com/maps/contrib/108291847075161457671?hl=es-ES;
Torre Espantaperros,ChIJF7oETzTkFg0RhSZUnkrwA2s;ChdDSUhNMG9nS0VJQ0FnSUNJcS0yNzdBRRABGhY0Tkt5TWw3V0tYaXhFLTZnckhKR1J3,,Hace un año,2020-03-23 13:40:39.194617,5.0,Jose Antonio González,0,0,https://www.google.com/maps/contrib/114446729439835807535?hl=es-ES;
Torre Espantaperros,ChIJF7oETzTkFg0RhSZUnkrwA2s;ChdDSUhNMG9nS0VJQ0FnSUNJODczMS1RRRABGhZ0ekxSX0Nidmdnd00xcnZOd3daRGlB,,Hace un año,2020-03-23 13:40:39.195615,5.0,Ana C Castano Garzon,0,0,https://www.google.com/maps/contrib/108537963003559286338?hl=es-ES;
Torre Espantaperros,ChIJF7oETzTkFg0RhSZUnkrwA2s;ChZDSUhNMG9nS0VJQ0FnSUNJbGJfMlJBEAEaFmFOZlV5ejVsMUtFX1JuR3ByX0RvSUE,,Hace un año,2020-03-23 13:40:39.196612,5.0,Arnaldo dominguez suarez,0,0,https://www.google.com/maps/contrib/117497985580632436924?hl=es-ES;
Torre Espantaperros,ChIJF7oETzTkFg0RhSZUnkrwA2s;ChdDSUhNMG9nS0VJQ0FnSUNJeXJ1d19nRRABGhZQTkFocHFiM2dKZ1VfTzdROXd3V1h3,Un lugar tranquilo y muy bonito,Hace un año,2020-03-23 13:40:39.197609,5.0,Rafael Rios,0,0,https://www.google.com/maps/contrib/112955890151548403122?hl=es-ES;
Torre Espantaperros,ChIJF7oETzTkFg0RhSZUnkrwA2s;ChdDSUhNMG9nS0VJQ0FnSURRaFlic2xRRRABGhZoMU5LZldXbmRhU1JXdF9Zd1pTUEp3,,Hace un año,2020-03-23 13:40:45.901680,5.0,Vic,0,0,https://www.google.com/maps/contrib/104728317157184485057?hl=es-ES;
Torre Espantaperros,ChIJF7oETzTkFg0RhSZUnkrwA2s;ChdDSUhNMG9nS0VJQ0FnSUR3eHNmOXJ3RRABGhZyeEdKdEtnMzBQdENBU2FPUGo0UHdB,Totalmente recomendable,Hace un año,2020-03-23 13:40:45.902678,5.0,Gema Gil,6,0,https://www.google.com/maps/contrib/109440548522172017873?hl=es-ES;
Torre Espantaperros,ChIJF7oETzTkFg0RhSZUnkrwA2s;ChdDSUhNMG9nS0VJQ0FnSUNBMkkteHpRRRABGhZQdXljTVJndnotdW1hdlJ6UmRMTldR,,Hace un año,2020-03-23 13:40:45.903676,5.0,Jorge Guitián,0,0,https://www.google.com/maps/contrib/112424034718218667019?hl=es-ES;
Torre Espantaperros,ChIJF7oETzTkFg0RhSZUnkrwA2s;ChdDSUhNMG9nS0VJQ0FnSUN3dGE2dWx3RRABGhZJUWphbjlrMUMwSDVYTTh6RjM2ajVR,,Hace un año,2020-03-23 13:40:45.904672,3.0,jesus s m,17,0,https://www.google.com/maps/contrib/115868384255788164819?hl=es-ES;
Torre Espantaperros,ChIJF7oETzTkFg0RhSZUnkrwA2s;"ChZDSUhNMG9nS0VJQ0FnSUNRMVB2M0JnEAEaFkR4SmV3NHVKX2loZEozejBaNDJyN2c,""Torre que forman parte de la Alcazaba, lugar emblemático, cerca se ve la plaza alta, suelen iluminarla lo que la hace más bonita."",Hace un año,2020-03-23 13:40:45.906668,5.0,Pedro Funk,0,0,https://www.google.com/maps/contrib/103314449883692644111?hl=es-ES";
Torre Espantaperros,ChIJF7oETzTkFg0RhSZUnkrwA2s;ChZDSUhNMG9nS0VJQ0FnSURRcHRlMlB3EAEaFlhtNThueEt1V3FPX1ZTbTh1Qnh2VXc,,Hace un año,2020-03-23 13:40:45.908667,5.0,Chema Fernández,3,0,https://www.google.com/maps/contrib/115597621159571771519?hl=es-ES;
Torre Espantaperros,ChIJF7oETzTkFg0RhSZUnkrwA2s;ChdDSUhNMG9nS0VJQ0FnSUNReWJIcXNRRRABGhZFRnlwSkJ2ZkRSVlJFY3l6MVZMeGFn,,Hace un año,2020-03-23 13:40:45.909669,4.0,Juan Herruzo,0,0,https://www.google.com/maps/contrib/101823673940086530676?hl=es-ES;
Torre Espantaperros,ChIJF7oETzTkFg0RhSZUnkrwA2s;ChZDSUhNMG9nS0VJQ0FnSURRaHRDcU13EAEaFlRSYVRZSnFEekUyWDlsYW5URGZfTlE,,Hace un año,2020-03-23 13:40:45.910657,4.0,Marcelo Bastos,61,0,https://www.google.com/maps/contrib/106708370946912100448?hl=es-ES;
Torre Espantaperros,ChIJF7oETzTkFg0RhSZUnkrwA2s;ChdDSUhNMG9nS0VJQ0FnSUN3d3JmT25nRRABGhYzMzl1WEFZRDhXb2hQU0xENDN2VFJ3,,Hace un año,2020-03-23 13:40:45.911654,5.0,Juantxo Martínez Duque,0,0,https://www.google.com/maps/contrib/117253587917728336861?hl=es-ES;
Torre Espantaperros,ChIJF7oETzTkFg0RhSZUnkrwA2s;ChdDSUhNMG9nS0VJQ0FnSURRNlBQU3ZBRRABGhZfdE4tSVpmSWN1b1N3ZTUtenExRnRB,,Hace un año,2020-03-23 13:40:45.912651,5.0,J.PABLO GUIJARRO PORTILLO,0,0,https://www.google.com/maps/contrib/100393346766506342890?hl=es-ES;
Torre Espantaperros,ChIJF7oETzTkFg0RhSZUnkrwA2s;ChdDSUhNMG9nS0VJQ0FnSUNnb2VHbnFBRRABGhY4UGFZRmp1ZG5lTjBMc09UcGNROWV3,Vistas espectaculares cuando la abren y dejan subir,Hace un año,2020-03-23 13:40:52.648338,5.0,CARLOS GAMERO,0,0,https://www.google.com/maps/contrib/116958884393858022372?hl=es-ES;
Torre Espantaperros,ChIJF7oETzTkFg0RhSZUnkrwA2s;ChdDSUhNMG9nS0VJQ0FnSUN3X1lpOGdnRRABGhZyRDk5ZWdFRFZuNGJLWnJETnNibkN3,,Hace un año,2020-03-23 13:40:52.649335,3.0,Gracia Jimenez,0,0,https://www.google.com/maps/contrib/111935010886465804522?hl=es-ES;
Torre Espantaperros,ChIJF7oETzTkFg0RhSZUnkrwA2s;ChZDSUhNMG9nS0VJQ0FnSUN3d3BxZ1BREAEaFlRLcTR5Q2lTQllLZ3BMZktjdVpuSVE,,Hace un año,2020-03-23 13:40:52.650333,3.0,Amparo Galván,3,0,https://www.google.com/maps/contrib/117949882844410442795?hl=es-ES;
Torre Espantaperros,ChIJF7oETzTkFg0RhSZUnkrwA2s;ChZDSUhNMG9nS0VJQ0FnSUNRbElIdWZ3EAEaFjRhOG5CT2E2bnpxNDFJOVZIR0d2aWc,Sitios de interés muy hermosos,Hace un año,2020-03-23 13:40:52.651331,5.0,Luis Fernando Garzon Ramos,0,0,https://www.google.com/maps/contrib/113213200358595104798?hl=es-ES;
Torre Espantaperros,ChIJF7oETzTkFg0RhSZUnkrwA2s;ChdDSUhNMG9nS0VJQ0FnSUNBLWVETGlRRRABGhZZTzRCekxpVjlZRVZ0eDVLVGNEZ0V3,,Hace un año,2020-03-23 13:40:52.652328,5.0,David Franco,534,0,https://www.google.com/maps/contrib/110549802899068686626?hl=es-ES;
Torre Espantaperros,ChIJF7oETzTkFg0RhSZUnkrwA2s;ChdDSUhNMG9nS0VJQ0FnSUNRMHJQZzRnRRABGhZqdHJfeG55bUhtcnJxWWR3STVYOTZR,Eterno símbolo de Badajoz al que se le han dedicado canciones y en cuya cercanía se pueden oír y ver a las cigüeñas en su parte más alta.  Su base recuerda su inspiración en la afamada Torre del Oro Sevillana y su remate no hace más que acentuar dicho recuerdo.  Su interior es visitable sobre todo en fechas como la Noche en Blanco. Las vistas desde su parte más alta son de obligada visita para cualquier pacense de bien.,Hace un año,2020-03-23 13:40:52.653325,5.0,Carlos Botejara Corchero,0,0,https://www.google.com/maps/contrib/109127161738193467268?hl=es-ES;
Torre Espantaperros,ChIJF7oETzTkFg0RhSZUnkrwA2s;ChZDSUhNMG9nS0VJQ0FnSUNRNU15dU1nEAEaFk1DSUoySWxpTFNCb2VHZlduZTJnclE,Torre almohade de imprescindible visita,Hace un año,2020-03-23 13:40:52.654325,3.0,Gonzalo Semprún Moreno de Guerra,1002,0,https://www.google.com/maps/contrib/109932615170567572339?hl=es-ES;
Torre Espantaperros,ChIJF7oETzTkFg0RhSZUnkrwA2s;ChZDSUhNMG9nS0VJQ0FnSURRdk1yV053EAEaFk94WDE1Q0JuRGk1QUpHUHVoSU9VQVE,La primera torre almohade española de este estilo y de la que copió la estética la más conocida Giralda sevillana,Hace un año,2020-03-23 13:40:52.655320,5.0,carlos n,0,0,https://www.google.com/maps/contrib/112451822643167856747?hl=es-ES;
Torre Espantaperros,ChIJF7oETzTkFg0RhSZUnkrwA2s;"ChdDSUhNMG9nS0VJQ0FnSURneTc3N3RBRRABGhZwVnh2WHpjQ1o0cXBUZEV1ZGpEVnB3,""Uno de los monumentos más importantes de Badajoz pero es una pena que no se pueda visitar a menudo , ni si quiera pagando"",Hace un año,2020-03-23 13:40:52.656317,5.0,gael bolaños alonso,0,0,https://www.google.com/maps/contrib/110958211473059481527?hl=es-ES";
Torre Espantaperros,ChIJF7oETzTkFg0RhSZUnkrwA2s;ChZDSUhNMG9nS0VJQ0FnSUNnN0stTWNREAEaFnc5MGY5SUlXVUJWajhka0hoZWMwSEE,,Hace un año,2020-03-23 13:40:52.656317,5.0,Roberto,0,0,https://www.google.com/maps/contrib/106969077801296439969?hl=es-ES;
Torre Espantaperros,ChIJF7oETzTkFg0RhSZUnkrwA2s;ChZDSUhNMG9nS0VJQ0FnSURRNmFtbmFBEAEaFnJTZmtUX0trUnFIQWV5Z3RJbjVkbFE,,Hace un año,2020-03-23 13:40:59.476806,4.0,Isaac Del Subidon,0,0,https://www.google.com/maps/contrib/101858481304087980775?hl=es-ES;
Torre Espantaperros,ChIJF7oETzTkFg0RhSZUnkrwA2s;ChdDSUhNMG9nS0VJQ0FnSURBLWFXZDd3RRABGhZBbHEyc0wtb2hFTmlGcUZwZlM4SGtR,,Hace un año,2020-03-23 13:40:59.477803,5.0,MARIBEL CP,9,0,https://www.google.com/maps/contrib/115690508083303825956?hl=es-ES;
Torre Espantaperros,ChIJF7oETzTkFg0RhSZUnkrwA2s;ChdDSUhNMG9nS0VJQ0FnSUNRLWZhODh3RRABGhZzWmFGVWN4Y1ZUaEh6QzRBT2Jmckt3,Esta situada junto a la alcazaba de Badajoz y a los jardines de la Galera mide 20 metros y sus vistas espectacular,Hace un año,2020-03-23 13:40:59.478800,5.0,Isabel,0,0,https://www.google.com/maps/contrib/109752631259972609353?hl=es-ES;
Torre Espantaperros,ChIJF7oETzTkFg0RhSZUnkrwA2s;ChdDSUhNMG9nS0VJQ0FnSUNBbzhLQnl3RRABGhZOdUlnS2pIb3dfU1BWVnpNbmY5bGJn,,Hace 2 años,2020-03-23 13:40:59.479797,5.0,Xinyu Yu,3,0,https://www.google.com/maps/contrib/101781023860472325783?hl=es-ES;
Torre Espantaperros,ChIJF7oETzTkFg0RhSZUnkrwA2s;ChdDSUhNMG9nS0VJQ0FnSUNndmJ1aXZ3RRABGhZQMEV5Y0JNYTk3QUVoRDdSZVhwUDZn,,Hace 2 años,2020-03-23 13:40:59.480795,5.0,mamen pablos,1,0,https://www.google.com/maps/contrib/104035508521155647818?hl=es-ES;
Torre Espantaperros,ChIJF7oETzTkFg0RhSZUnkrwA2s;ChZDSUhNMG9nS0VJQ0FnSUNReXV6b0pREAEaFkpuYVpJTVRXbE9wTHJCNUotb0ctaFE,es mágico. al amanecer los primeros rayos le dan un aspecto que no verás en otro lugar,Hace 2 años,2020-03-23 13:40:59.481792,4.0,loFrancisco Javier Martinez Sequeda,0,0,https://www.google.com/maps/contrib/111877774718300546297?hl=es-ES;
Torre Espantaperros,ChIJF7oETzTkFg0RhSZUnkrwA2s;ChdDSUhNMG9nS0VJQ0FnSUN3N0pfZzRnRRABGhZKejNibUd6YnAxSUROWUcybENpblB3,Tenemos en Badajoz importantes monumentos y una cultura histórica a tener en cuenta y me da la sensación que no se le da ni la difusión ni la importancia que realmente tiene. Hay que ponerle las pilas al gobierno extremeño en general... Preciosa nuestra torre de Espantaperros.,Hace 2 años,2020-03-23 13:40:59.482789,5.0,Alberto López,0,0,https://www.google.com/maps/contrib/101100219171919006576?hl=es-ES;
Torre Espantaperros,ChIJF7oETzTkFg0RhSZUnkrwA2s;ChZDSUhNMG9nS0VJQ0FnSURRdE9pRGFBEAEaFmhhTFh2aDV4NGd3NFBuU3JBY1FBeGc,,Hace 2 años,2020-03-23 13:40:59.483787,4.0,Arturo Catalá,7,0,https://www.google.com/maps/contrib/114368228288985842728?hl=es-ES;
Torre Espantaperros,ChIJF7oETzTkFg0RhSZUnkrwA2s;ChdDSUhNMG9nS0VJQ0FnSURRM2Y3SDVnRRABGhZkTHNJX0c1V0NoLU5vNnZPaEp4WkZ3,Excelentes vistas,Hace 2 años,2020-03-23 13:40:59.483787,5.0,Ramón Sigfredo,0,0,https://www.google.com/maps/contrib/103476262601478256594?hl=es-ES;
Torre Espantaperros,ChIJF7oETzTkFg0RhSZUnkrwA2s;ChdDSUhNMG9nS0VJQ0FnSUN3N29DTTR3RRABGhZFbTRBS3ZvNDd2V3pMSGVwV1NnOTJB,Gratuito. Buenas vistas. Bien conservado. Único.,Hace 2 años,2020-03-23 13:40:59.484784,5.0,Valentín Velasco,0,0,https://www.google.com/maps/contrib/107972213716206352421?hl=es-ES;
Torre Espantaperros,ChIJF7oETzTkFg0RhSZUnkrwA2s;ChZDSUhNMG9nS0VJQ0FnSUN3a2VEMUl3EAEaFlpoR0JlR2xmU0w2enowdl9KVFYyM2c,Preciosa torre del alpendiz.espantaperros.,Hace 2 años,2020-03-23 13:41:06.340487,5.0,Antonio Silvestre,0,0,https://www.google.com/maps/contrib/101323290040740690982?hl=es-ES;
Torre Espantaperros,ChIJF7oETzTkFg0RhSZUnkrwA2s;ChZDSUhNMG9nS0VJQ0FnSUNBaS1lTlpBEAEaFlF3OFhGT1YyY3djbUFXNFRsalNvRkE,Torre emblemática de Badajoz. Navidad 2017.,Hace 2 años,2020-03-23 13:41:06.341478,5.0,Fernando Conde Reyero,0,0,https://www.google.com/maps/contrib/112579055031819316428?hl=es-ES;
Torre Espantaperros,ChIJF7oETzTkFg0RhSZUnkrwA2s;ChZDSUhNMG9nS0VJQ0FnSUN3dDV6OWVREAEaFlRzeVRlbHQ0ZWp2aVpDMEJHUmlNMVE,Historia viva de la época musulmana de badajoz,Hace 2 años,2020-03-23 13:41:06.343473,5.0,David Esquilichi,0,0,https://www.google.com/maps/contrib/101395473548856685147?hl=es-ES;
Torre Espantaperros,ChIJF7oETzTkFg0RhSZUnkrwA2s;ChdDSUhNMG9nS0VJQ0FnSURBblpYcHRnRRABGhZlNDczT21EdXVvclJNZ0lDUXRqalBR,(Traducido por Google) Muy bonita  (Original) Muito bonita,Hace 2 años,2020-03-23 13:41:06.344473,4.0,sara serra,0,0,https://www.google.com/maps/contrib/116838873964279402438?hl=es-ES;
Torre Espantaperros,ChIJF7oETzTkFg0RhSZUnkrwA2s;ChZDSUhNMG9nS0VJQ0FnSUN3dDVTdVp3EAEaFkZQNFRfRG9wSnJzazJNcHRJSlVCcGc,,Hace 2 años,2020-03-23 13:41:06.345471,5.0,Nelson Alfaia,0,0,https://www.google.com/maps/contrib/115131901532748354658?hl=es-ES;
Torre Espantaperros,ChIJF7oETzTkFg0RhSZUnkrwA2s;ChZDSUhNMG9nS0VJQ0FnSUN3bzdIQktnEAEaFjBQMmJIeXJ0U1dBdFBjWUhvSURrV2c,,Hace 2 años,2020-03-23 13:41:06.346466,4.0,Junior vstrom,0,0,https://www.google.com/maps/contrib/105682322156274349628?hl=es-ES;
Torre Espantaperros,ChIJF7oETzTkFg0RhSZUnkrwA2s;ChdDSUhNMG9nS0VJQ0FnSUNRbTk3R3RnRRABGhZKVmZBZGMyN2J2bk9uVVltZnp2WUln,Bonita Torre dentro de un lugar muy lindo con buenas vistas digno de visitar,Hace 2 años,2020-03-23 13:41:06.347464,4.0,Mario Iaconianni,0,0,https://www.google.com/maps/contrib/115580972351228583329?hl=es-ES;
Torre Espantaperros,ChIJF7oETzTkFg0RhSZUnkrwA2s;ChZDSUhNMG9nS0VJQ0FnSURnMjYtQlJ3EAEaFnRrNXY2OHdwZC1rLWxmVmVyaVN5ckE,Belleza total,Hace 2 años,2020-03-23 13:41:06.348460,5.0,angel seijas garcia,0,0,https://www.google.com/maps/contrib/102806792828055460826?hl=es-ES;
Torre Espantaperros,ChIJF7oETzTkFg0RhSZUnkrwA2s;ChdDSUhNMG9nS0VJQ0FnSURRMloyaGhnRRABGhZJb2ctMUpQWGo2RkF5SkRKVF95YmR3,Muy buenas las vistas de la ciudad desde este punto. ,Hace 2 años,2020-03-23 13:41:06.350455,5.0,Ion Akizu,0,0,https://www.google.com/maps/contrib/103174214937132318516?hl=es-ES;
Torre Espantaperros,ChIJF7oETzTkFg0RhSZUnkrwA2s;ChZDSUhNMG9nS0VJQ0FnSUN3d2ZQQWRBEAEaFjNfWm9mYkludE42eUlGYkpOWDJYdmc,Perfecto. Es una torre muy bonita.,Hace 2 años,2020-03-23 13:41:06.351452,5.0,_emi pinilla26_,0,0,https://www.google.com/maps/contrib/107498769580683416043?hl=es-ES;
Torre Espantaperros,ChIJF7oETzTkFg0RhSZUnkrwA2s;ChZDSUhNMG9nS0VJQ0FnSUNBc29PSFdnEAEaFkQzSFRPZ3dGbEZJRVVQRjhYZ3VkVnc,Preciosa torre árabe. ,Hace 2 años,2020-03-23 13:41:13.274254,5.0,Nando Badajoz,0,0,https://www.google.com/maps/contrib/100439920136947201335?hl=es-ES;
Torre Espantaperros,ChIJF7oETzTkFg0RhSZUnkrwA2s;ChZDSUhNMG9nS0VJQ0FnSUN3d2Q2MlZ3EAEaFjROM1hYLUttWVdISVZtQjYweWhheVE,,Hace 2 años,2020-03-23 13:41:13.275253,4.0,Diego del Pozo,2,0,https://www.google.com/maps/contrib/102786015360988070975?hl=es-ES;
Torre Espantaperros,ChIJF7oETzTkFg0RhSZUnkrwA2s;ChZDSUhNMG9nS0VJQ0FnSUNnbU9XMElnEAEaFmh1RVBaNmtvdFpoSVNnM0p6c0RSQVE,,Hace 2 años,2020-03-23 13:41:13.276249,5.0,Yau Yauyau,0,0,https://www.google.com/maps/contrib/105528183774838921475?hl=es-ES;
Torre Espantaperros,ChIJF7oETzTkFg0RhSZUnkrwA2s;ChZDSUhNMG9nS0VJQ0FnSURndXNmc0t3EAEaFkI3cnFlNEMxZlF2VS1rMGVqTWtwQ0E,Monumento emblemático de Badajoz.,Hace 2 años,2020-03-23 13:41:13.277246,5.0,José Luis Astasio,0,0,https://www.google.com/maps/contrib/114528924257889025899?hl=es-ES;
Torre Espantaperros,ChIJF7oETzTkFg0RhSZUnkrwA2s;ChdDSUhNMG9nS0VJQ0FnSUNBbk4zLTN3RRABGhZZWFotWWkzU3FqRVVvMktjeTNqZEFR,,Hace 2 años,2020-03-23 13:41:13.278244,5.0,juan manuel llavador delgado,0,0,https://www.google.com/maps/contrib/106217489164204571120?hl=es-ES;
Torre Espantaperros,ChIJF7oETzTkFg0RhSZUnkrwA2s;"ChdDSUhNMG9nS0VJQ0FnSURBZ3N5cl93RRABGhYtb0lveW9ZWmNWdkMyS3otUWhjN1ZR,""Parece mentira que sea tan difícil llegar a ella. La gente de Badajoz no sabe (??) si está abierta, cerrada, se entra desde los jardines de la galera, desde la muralla de la Alcazaba... Es increíble la poca información q hay"",Hace 2 años,2020-03-23 13:41:13.278244,4.0,Gmn Artin,0,0,https://www.google.com/maps/contrib/105547858910524681395?hl=es-ES";
Torre Espantaperros,ChIJF7oETzTkFg0RhSZUnkrwA2s;ChdDSUhNMG9nS0VJQ0FnSUNncXZfUmxnRRABGhZQYmpuX0RZX3d0dWRDSGNoZDdKa1pn,ES INTERESANTE,Hace 3 años,2020-03-23 13:41:13.279240,4.0,Angel Lopez,0,0,https://www.google.com/maps/contrib/104081304080781102519?hl=es-ES;
Torre Espantaperros,ChIJF7oETzTkFg0RhSZUnkrwA2s;ChdDSUhNMG9nS0VJQ0FnSURneW9LZ2pnRRABGhYtcWRmNENzYWVFS2x3N1RKZnVid2hR,,Hace 3 años,2020-03-23 13:41:13.280238,5.0,mcetm vera,0,0,https://www.google.com/maps/contrib/111542749867508296441?hl=es-ES;
Torre Espantaperros,ChIJF7oETzTkFg0RhSZUnkrwA2s;"ChdDSUhNMG9nS0VJQ0FnSUN3MzRpdHpBRRABGhZxZWZOZDJwcnM1R1BxVmVIQWpaT0Vn,""Lugar emblemático de Badajoz.Suele iluminarse, lo q le da más espectacularidad"",Hace 3 años,2020-03-23 13:41:13.281235,5.0,PILAR TRINIDAD MERINO,0,0,https://www.google.com/maps/contrib/116425628558463271022?hl=es-ES";
Torre Espantaperros,ChIJF7oETzTkFg0RhSZUnkrwA2s;ChdDSUhNMG9nS0VJQ0FnSUNRZ01id3RBRRABGhYtN19hUENScmt1ZFhEUHZrekwtanJ3,Preciosa,Hace 3 años,2020-03-23 13:41:13.282233,5.0,Juan Antonio Trejo Rubio,0,0,https://www.google.com/maps/contrib/108704011768335491065?hl=es-ES;
Torre Espantaperros,ChIJF7oETzTkFg0RhSZUnkrwA2s;ChdDSUhNMG9nS0VJQ0FnSURna0t6aDhRRRABGhZ5LTBxVl8yMUZ1aVFpclNjRDVzbWt3,,Hace 3 años,2020-03-23 13:41:20.143890,5.0,Ana Blázquez Fernández,0,0,https://www.google.com/maps/contrib/106843579771442500208?hl=es-ES;
Torre Espantaperros,ChIJF7oETzTkFg0RhSZUnkrwA2s;ChZDSUhNMG9nS0VJQ0FnSUNROEtteEpnEAEaFmJNVWpPUTdBLWFfcDJRazEyRWc0NEE,,Hace 3 años,2020-03-23 13:41:20.144888,4.0,antonio fernandez,0,0,https://www.google.com/maps/contrib/113824837371524992970?hl=es-ES;
Torre Espantaperros,ChIJF7oETzTkFg0RhSZUnkrwA2s;ChZDSUhNMG9nS0VJQ0FnSURnbUo3NFJ3EAEaFklaZC10RUxtVTc1VnpWM2ZENnRXLVE,,Hace 3 años,2020-03-23 13:41:20.145886,3.0,Pedro Caleira,0,0,https://www.google.com/maps/contrib/117472138755610242896?hl=es-ES;
Torre Espantaperros,ChIJF7oETzTkFg0RhSZUnkrwA2s;ChZDSUhNMG9nS0VJQ0FnSUNRbl9iU1ZREAEaFnp5NkRBdjRlS3RUU0JiTGxwdHRWSEE,,Hace 3 años,2020-03-23 13:41:20.146883,5.0,Carole Kernot,3,0,https://www.google.com/maps/contrib/101608211804619706711?hl=es-ES;
Torre Espantaperros,ChIJF7oETzTkFg0RhSZUnkrwA2s;ChdDSUhNMG9nS0VJQ0FnSURnOFl6N3F3RRABGhZ1SHhQYXUwMC15MUtXaFg4cXFNV3VB,,Hace 3 años,2020-03-23 13:41:20.147880,5.0,jesus fuentes,0,0,https://www.google.com/maps/contrib/101111751353610714162?hl=es-ES;
Torre Espantaperros,ChIJF7oETzTkFg0RhSZUnkrwA2s;ChdDSUhNMG9nS0VJQ0FnSUNnb28zNXZ3RRABGhZpVW1kOFlDSm5ud0FTVXJ3bmZCV2dB,,Hace 3 años,2020-03-23 13:41:20.148881,5.0,Manu Duarte,10,0,https://www.google.com/maps/contrib/118295479328105614469?hl=es-ES;
Torre Espantaperros,ChIJF7oETzTkFg0RhSZUnkrwA2s;ChZDSUhNMG9nS0VJQ0FnSURnM09iTURREAEaFlE0UlM4aWtDTjNkSjVaTVFwb0dCSEE,,Hace 3 años,2020-03-23 13:41:20.149875,3.0,Isma Casado,0,0,https://www.google.com/maps/contrib/110555273325969265263?hl=es-ES;
Torre Espantaperros,ChIJF7oETzTkFg0RhSZUnkrwA2s;ChdDSUhNMG9nS0VJQ0FnSUN3MWYyYmx3RRABGhZUc2lPN3dNd2p3TGdCaXFmMXhGeEdR,El monumento es pintoresco y las vistas merecen la pena. ,Hace 3 años,2020-03-23 13:41:20.151869,4.0,Jose Luis Pascual-Terrats Murube,0,0,https://www.google.com/maps/contrib/108287792679438997528?hl=es-ES;
Torre Espantaperros,ChIJF7oETzTkFg0RhSZUnkrwA2s;ChdDSUhNMG9nS0VJQ0FnSUN3X3Q3dmh3RRABGhZ6N0FwSkNuTE1FMmVkVEFhYTlLbVJn,Espectacular torre arabe,Hace 3 años,2020-03-23 13:41:20.152867,5.0,Angel Cerezo,0,0,https://www.google.com/maps/contrib/115015466087198062414?hl=es-ES;
Torre Espantaperros,ChIJF7oETzTkFg0RhSZUnkrwA2s;ChZDSUhNMG9nS0VJQ0FnSURnaDlEUFVREAEaFi1YeVVwZ3c1YWpVRE0zN3FnMGh4d0E,Mi perro se espantó.,Hace 3 años,2020-03-23 13:41:20.156856,4.0,Travel Clips,48,0,https://www.google.com/maps/contrib/113818439020272726188?hl=es-ES;
Torre Espantaperros,ChIJF7oETzTkFg0RhSZUnkrwA2s;ChZDSUhNMG9nS0VJQ0FnSUNBdzk2TlZnEAEaFmN2a1V2RmNTWW53WVdBVm1uRFUwNHc,Sitio típico en la cuidad con bonitas vistas de la ciudad de Badajoz y alrededores ,Hace 3 años,2020-03-23 13:41:27.061161,3.0,Patxi Iturre,0,0,https://www.google.com/maps/contrib/101784930384265786663?hl=es-ES;
Torre Espantaperros,ChIJF7oETzTkFg0RhSZUnkrwA2s;ChdDSUhNMG9nS0VJQ0FnSUNBbnBhVXh3RRABGhZmNWhDSHZzdVlwa2hJZ1FZLUNFa1ln,No te lo pierdas,Hace 3 años,2020-03-23 13:41:27.062158,5.0,JOSÉ LUIS LLERENA RUIZ,0,0,https://www.google.com/maps/contrib/117331451608817276191?hl=es-ES;
Torre Espantaperros,ChIJF7oETzTkFg0RhSZUnkrwA2s;ChdDSUhNMG9nS0VJQ0FnSURBczZ2dDZnRRABGhZpU2lWTDgyTXB1V2FjZDlXSVhTbGxn,Uno de los monumentos más singulares y representativos de Badajoz,Hace 3 años,2020-03-23 13:41:27.063155,5.0,Air Drone View,0,0,https://www.google.com/maps/contrib/116056956995962712351?hl=es-ES;
Torre Espantaperros,ChIJF7oETzTkFg0RhSZUnkrwA2s;ChZDSUhNMG9nS0VJQ0FnSUNRdk5tWlVBEAEaFm11YmkyVTk1Vi1YQzRkc1owRzRfaFE,Emblema de Badajoz,Hace 3 años,2020-03-23 13:41:27.064154,5.0,David T,0,0,https://www.google.com/maps/contrib/106084616042517564503?hl=es-ES;
Torre Espantaperros,ChIJF7oETzTkFg0RhSZUnkrwA2s;ChZDSUhNMG9nS0VJQ0FnSURnZ3JtNEZnEAEaFkQ5ODVrc2poSmpTdnh1dl85NWtTMWc,Grandes vistas de Badajoz.,Hace 3 años,2020-03-23 13:41:27.065150,5.0,Ismael Molina,0,0,https://www.google.com/maps/contrib/111450725626048238657?hl=es-ES;
Torre Espantaperros,ChIJF7oETzTkFg0RhSZUnkrwA2s;ChdDSUhNMG9nS0VJQ0FnSUNRaXN6WW1RRRABGhZURi1rak5QVFVCNnM5ZjZPdG11VlNn,Tiene unas vistas fabulosas de la ciudad de badajoz,Hace 3 años,2020-03-23 13:41:27.066147,4.0,Roberto Lopez,0,0,https://www.google.com/maps/contrib/112905401316579222668?hl=es-ES;
Torre Espantaperros,ChIJF7oETzTkFg0RhSZUnkrwA2s;ChZDSUhNMG9nS0VJQ0FnSUN3MTQyR1h3EAEaFnB5LUEtZHRQQkprcDJQLVJKdjVoYVE,La mitad: esta torre está muy bien porque encaje con el entorno urbano de Badajoz. Lo malo es que abre muy pocas veces al año.,Hace 3 años,2020-03-23 13:41:27.067145,3.0,Adahi David Montoya Vázquez,0,0,https://www.google.com/maps/contrib/112942385270470914263?hl=es-ES;
Torre Espantaperros,ChIJF7oETzTkFg0RhSZUnkrwA2s;ChdDSUhNMG9nS0VJQ0FnSUNnOGFIbXlRRRABGhY3ZWFpR18xUmJ6Y3JzUGs2eHpLb1hn,,Hace 3 años,2020-03-23 13:41:27.068143,5.0,Abdulaziz Albarakati,0,0,https://www.google.com/maps/contrib/112372346969897946543?hl=es-ES;
Torre Espantaperros,ChIJF7oETzTkFg0RhSZUnkrwA2s;ChdDSUhNMG9nS0VJQ0FnSURRMkltS3RRRRABGhY1MGVTYzNjTWVXMF9aVk8zYWlrczN3,,Hace 3 años,2020-03-23 13:41:27.069139,5.0,jaime barg,63,0,https://www.google.com/maps/contrib/110412870518917174290?hl=es-ES;
Torre Espantaperros,ChIJF7oETzTkFg0RhSZUnkrwA2s;ChZDSUhNMG9nS0VJQ0FnSURBdjdhTEFREAEaFjZYbk5vbWJCOXU0Mk1hYWs4QWN3Snc,,Hace 3 años,2020-03-23 13:41:27.070137,5.0,David AC,0,0,https://www.google.com/maps/contrib/109988565669126781367?hl=es-ES;
Torre Espantaperros,ChIJF7oETzTkFg0RhSZUnkrwA2s;"ChdDSUhNMG9nS0VJQ0FnSUNRd3JuZjVRRRABGhZaeFV1aVRublZlSWJXRmVfTDdDTjBB,""Excelentes vistas desde lo alto de la torre, la cual solo abre unos días determinados al año"",Hace 3 años,2020-03-23 13:41:34.458945,5.0,Javier BF,0,0,https://www.google.com/maps/contrib/103212057291250022117?hl=es-ES";
